algo,startNode/endNode,budget,userID,totalPOI,totalCost,totalProfit,totalInterest,reachEndNode,totalPopInt,maxInterest,minInterest,tour,iter,groupID
ranClusterOnce,7,200,35034355962@N01,7,593.5766096658725,4.4299855142443265,4.36710816777042,True,4.398546841007374,1.0,0.0,7-21-28-22-7-23-16-7-27-11-7,1,1.0
ranClusterOnce,7,200,66907518@N00,7,593.5766096658725,4.4299855142443265,0.0,True,2.2149927571221633,0.0,0.0,7-21-28-22-7-23-16-7-27-11-7,1,1.0
ranClusterOnce,7,200,79833224@N00,7,593.5766096658725,4.4299855142443265,0.0,True,2.2149927571221633,0.0,0.0,7-21-28-22-7-23-16-7-27-11-7,1,1.0
ranClusterOnce,7,200,57958712@N00,7,593.5766096658725,4.4299855142443265,3.0404594251414077,True,3.735222469692867,1.0,0.0,7-21-28-22-7-23-16-7-27-11-7,1,1.0
ranClusterOnce,7,200,31499593@N03,7,593.5766096658725,4.4299855142443265,4.002035580501788,True,4.216010547373058,1.0,0.0,7-21-28-22-7-23-16-7-27-11-7,1,1.0
ranClusterOnce,7,200,25133522@N00,7,593.5766096658725,4.4299855142443265,4.44957805907173,True,4.4397817866580285,1.0,0.0,7-21-28-22-7-23-16-7-27-11-7,1,1.0
ranClusterOnce,7,200,88105592@N00,7,593.5766096658725,4.4299855142443265,1.1756225425950197,True,2.802804028419673,1.0,0.0,7-21-28-22-7-23-16-7-27-11-7,1,1.0
ranClusterOnce,7,200,61825972@N08,7,593.5766096658725,4.4299855142443265,1.0,True,2.7149927571221633,1.0,0.0,7-21-28-22-7-23-16-7-27-11-7,1,1.0
ranClusterOnce,7,200,43139087@N00,7,593.5766096658725,4.4299855142443265,5.818100330726674,True,5.124042922485501,1.0,0.015392699286001312,7-21-28-22-7-23-16-7-27-11-7,1,1.0
ranClusterOnce,7,200,44654079@N05,7,593.5766096658725,4.4299855142443265,1.2595853801711618,True,2.844785447207744,1.0,0.0,7-21-28-22-7-23-16-7-27-11-7,1,1.0
ranClusterOnce,7,200,93852598@N00,7,593.5766096658725,4.4299855142443265,1.0,True,2.7149927571221633,1.0,0.0,7-21-28-22-7-23-16-7-27-11-7,1,1.0
ranClusterOnce,7,200,27031977@N04,7,593.5766096658725,4.4299855142443265,2.0,True,3.2149927571221633,1.0,0.0,7-21-28-22-7-23-16-7-27-11-7,1,1.0
ranClusterOnce,7,200,24566752@N05,7,593.5766096658725,4.4299855142443265,0.09550417233393377,True,2.26274484328913,0.09550417233393377,0.0,7-21-28-22-7-23-16-7-27-11-7,1,1.0
ranClusterOnce,7,200,70319561@N00,7,593.5766096658725,4.4299855142443265,1.0,True,2.7149927571221633,1.0,0.0,7-21-28-22-7-23-16-7-27-11-7,1,1.0
ranClusterOnce,7,200,36061217@N04,7,593.5766096658725,4.4299855142443265,4.4268894796809715,True,4.428437496962649,1.0,0.0,7-21-28-22-7-23-16-7-27-11-7,1,1.0
ranClusterOnce,7,200,7910884@N08,7,593.5766096658725,4.4299855142443265,2.0,True,3.2149927571221633,1.0,0.0,7-21-28-22-7-23-16-7-27-11-7,1,1.0
ranClusterOnce,7,200,14954127@N00,7,593.5766096658725,4.4299855142443265,2.0,True,3.2149927571221633,1.0,0.0,7-21-28-22-7-23-16-7-27-11-7,1,1.0
ranClusterOnce,7,200,35034351963@N01,7,593.5766096658725,4.4299855142443265,0.0,True,2.2149927571221633,0.0,0.0,7-21-28-22-7-23-16-7-27-11-7,1,1.0
ranClusterOnce,7,200,90678392@N00,7,593.5766096658725,4.4299855142443265,0.0,True,2.2149927571221633,0.0,0.0,7-21-28-22-7-23-16-7-27-11-7,1,1.0
ranClusterOnce,7,200,44124367522@N01,7,593.5766096658725,4.4299855142443265,2.2866038195289953,True,3.358294666886661,1.0,0.0014262357811249866,7-21-28-22-7-23-16-7-27-11-7,1,1.0
ranClusterOnce,7,200,30739892@N03,7,593.5766096658725,4.4299855142443265,3.04185547340806,True,3.7359204938261934,1.0,0.0,7-21-28-22-7-23-16-7-27-11-7,1,1.0
ranClusterOnce,7,200,51035729697@N01,7,593.5766096658725,4.4299855142443265,1.455684870188004,True,2.9428351922161653,1.0,0.0,7-21-28-22-7-23-16-7-27-11-7,1,1.0
ranClusterOnce,7,200,85213921@N04,7,593.5766096658725,4.4299855142443265,1.76923076923077,True,3.0996081417375483,1.0,0.0,7-21-28-22-7-23-16-7-27-11-7,1,1.0
ranClusterOnce,7,200,33745415@N00,7,593.5766096658725,4.4299855142443265,2.0,True,3.2149927571221633,1.0,0.0,7-21-28-22-7-23-16-7-27-11-7,1,1.0
ranClusterOnce,7,200,43354049@N00,7,593.5766096658725,4.4299855142443265,2.0,True,3.2149927571221633,1.0,0.0,7-21-28-22-7-23-16-7-27-11-7,1,1.0
ranClusterOnce,7,200,75546495@N03,7,593.5766096658725,4.4299855142443265,1.4954594428197623,True,2.9627224785320445,0.7477297214098811,0.0,7-21-28-22-7-23-16-7-27-11-7,1,1.0
ranClusterOnce,7,200,23836265@N00,7,593.5766096658725,4.4299855142443265,4.0,True,4.214992757122163,1.0,0.0,7-21-28-22-7-23-16-7-27-11-7,1,1.0
ranClusterOnce,7,200,14864718@N02,7,593.5766096658725,4.4299855142443265,2.005089058524173,True,3.2175372863842497,1.0,0.0,7-21-28-22-7-23-16-7-27-11-7,1,1.0
ranClusterOnce,7,200,30624156@N00,7,593.5766096658725,4.4299855142443265,6.879611323770673,True,5.6547984190075,1.0,0.011020906069911253,7-21-28-22-7-23-16-7-27-11-7,1,1.0
ranClusterOnce,7,200,57412095@N05,7,593.5766096658725,4.4299855142443265,2.591836734693876,True,3.5109111244691014,1.0,0.0,7-21-28-22-7-23-16-7-27-11-7,1,1.0
ranClusterOnce,7,200,93851844@N00,7,593.4770947518609,4.4299855142443265,4.0,True,4.214992757122163,1.0,0.0,7-28-21-22-7-11-27-7-16-23-7,1,2.0
ranClusterOnce,7,200,82568321@N00,7,593.4770947518609,4.4299855142443265,2.2076226012793176,True,3.318804057761822,1.0,0.0,7-28-21-22-7-11-27-7-16-23-7,1,2.0
ranClusterOnce,7,200,9942515@N05,7,593.4770947518609,4.4299855142443265,2.0,True,3.2149927571221633,1.0,0.0,7-28-21-22-7-11-27-7-16-23-7,1,2.0
ranClusterOnce,7,200,41634302@N08,7,593.4770947518609,4.4299855142443265,1.0,True,2.7149927571221633,1.0,0.0,7-28-21-22-7-11-27-7-16-23-7,1,2.0
ranClusterOnce,7,200,74547255@N00,7,593.4770947518609,4.4299855142443265,0.08109219508183235,True,2.2555388546630795,0.020560901389916935,0.0,7-28-21-22-7-11-27-7-16-23-7,1,2.0
ranClusterOnce,7,200,61861930@N00,7,593.4770947518609,4.4299855142443265,1.9533777354900095,True,3.1916816248671678,1.0,0.0,7-28-21-22-7-11-27-7-16-23-7,1,2.0
ranClusterOnce,7,200,69349066@N00,7,593.4770947518609,4.4299855142443265,1.003314393939394,True,2.71664995409186,1.0,0.0,7-28-21-22-7-11-27-7-16-23-7,1,2.0
ranClusterOnce,7,200,26344918@N04,7,593.4770947518609,4.4299855142443265,4.0,True,4.214992757122163,1.0,0.0,7-28-21-22-7-11-27-7-16-23-7,1,2.0
ranClusterOnce,7,200,71401076@N00,7,593.4770947518609,4.4299855142443265,6.747959969207085,True,5.588972741725706,1.0,0.0,7-28-21-22-7-11-27-7-16-23-7,1,2.0
ranClusterOnce,7,200,53025862@N00,7,593.4770947518609,4.4299855142443265,4.005948446794449,True,4.217966980519387,1.0,0.0,7-28-21-22-7-11-27-7-16-23-7,1,2.0
ranClusterOnce,7,200,20532289@N00,7,593.4770947518609,4.4299855142443265,2.5646544476206503,True,3.497319980932488,1.0,0.0,7-28-21-22-7-11-27-7-16-23-7,1,2.0
ranClusterOnce,7,200,41745522@N08,7,593.4770947518609,4.4299855142443265,4.0,True,4.214992757122163,1.0,0.0,7-28-21-22-7-11-27-7-16-23-7,1,2.0
ranClusterOnce,7,200,7262621@N06,7,593.4770947518609,4.4299855142443265,0.0,True,2.2149927571221633,0.0,0.0,7-28-21-22-7-11-27-7-16-23-7,1,2.0
ranClusterOnce,7,200,65846543@N00,7,593.4770947518609,4.4299855142443265,4.0,True,4.214992757122163,1.0,0.0,7-28-21-22-7-11-27-7-16-23-7,1,2.0
ranClusterOnce,7,200,54058921@N00,7,593.4770947518609,4.4299855142443265,4.0,True,4.214992757122163,1.0,0.0,7-28-21-22-7-11-27-7-16-23-7,1,2.0
ranClusterOnce,7,200,25113640@N00,7,593.4770947518609,4.4299855142443265,4.0,True,4.214992757122163,1.0,0.0,7-28-21-22-7-11-27-7-16-23-7,1,2.0
ranClusterOnce,7,200,54484406@N08,7,593.4770947518609,4.4299855142443265,1.0,True,2.7149927571221633,1.0,0.0,7-28-21-22-7-11-27-7-16-23-7,1,2.0
ranClusterOnce,7,200,67194633@N00,7,593.4770947518609,4.4299855142443265,1.6831325301204827,True,3.0565590221824044,1.0,0.0,7-28-21-22-7-11-27-7-16-23-7,1,2.0
ranClusterOnce,7,200,70597029@N00,7,593.4770947518609,4.4299855142443265,2.0,True,3.2149927571221633,1.0,0.0,7-28-21-22-7-11-27-7-16-23-7,1,2.0
ranClusterOnce,7,200,44124427374@N01,7,593.4770947518609,4.4299855142443265,0.0,True,2.2149927571221633,0.0,0.0,7-28-21-22-7-11-27-7-16-23-7,1,2.0
ranClusterOnce,7,200,48784629@N00,7,593.4770947518609,4.4299855142443265,0.1737574775705494,True,2.301871495907438,0.05281975826543841,6.782968487893704e-05,7-28-21-22-7-11-27-7-16-23-7,1,2.0
ranClusterOnce,7,200,98453206@N00,7,593.4770947518609,4.4299855142443265,1.0,True,2.7149927571221633,1.0,0.0,7-28-21-22-7-11-27-7-16-23-7,1,2.0
ranClusterOnce,7,200,19614198@N00,7,593.4770947518609,4.4299855142443265,4.0,True,4.214992757122163,1.0,0.0,7-28-21-22-7-11-27-7-16-23-7,1,2.0
ranClusterOnce,7,200,61239510@N00,7,593.4770947518609,4.4299855142443265,2.789151356080487,True,3.609568435162407,1.0,0.0,7-28-21-22-7-11-27-7-16-23-7,1,2.0
ranClusterOnce,7,200,14816925@N00,7,593.4770947518609,4.4299855142443265,2.9009256353937922,True,3.6654555748190596,1.0,0.0,7-28-21-22-7-11-27-7-16-23-7,1,2.0
ranClusterOnce,7,200,12925338@N07,7,593.4770947518609,4.4299855142443265,1.0,True,2.7149927571221633,1.0,0.0,7-28-21-22-7-11-27-7-16-23-7,1,2.0
ranClusterOnce,7,200,69635173@N00,7,593.4770947518609,4.4299855142443265,4.0,True,4.214992757122163,1.0,0.0,7-28-21-22-7-11-27-7-16-23-7,1,2.0
ranClusterOnce,7,200,7680826@N04,7,593.4770947518609,4.4299855142443265,2.0,True,3.2149927571221633,1.0,0.0,7-28-21-22-7-11-27-7-16-23-7,1,2.0
ranClusterOnce,7,200,76222606@N03,7,593.4770947518609,4.4299855142443265,0.0,True,2.2149927571221633,0.0,0.0,7-28-21-22-7-11-27-7-16-23-7,1,2.0
ranClusterOnce,7,200,28636659@N05,7,593.4770947518609,4.4299855142443265,4.0,True,4.214992757122163,1.0,0.0,7-28-21-22-7-11-27-7-16-23-7,1,2.0
ranClusterOnce,7,200,59525924@N05,7,594.4665269777165,3.8003380009657173,5.608815426997246,True,4.704576713981481,1.0,0.0,7-28-6-22-7-23-16-7-11-27-7,1,3.0
ranClusterOnce,7,200,39038071@N00,7,594.4665269777165,3.8003380009657173,1.0,True,2.4001690004828586,1.0,0.0,7-28-6-22-7-23-16-7-11-27-7,1,3.0
ranClusterOnce,7,200,40451262@N00,7,594.4665269777165,3.8003380009657173,5.007911392405063,True,4.40412469668539,1.0,0.0,7-28-6-22-7-23-16-7-11-27-7,1,3.0
ranClusterOnce,7,200,92354342@N00,7,594.4665269777165,3.8003380009657173,1.0,True,2.4001690004828586,1.0,0.0,7-28-6-22-7-23-16-7-11-27-7,1,3.0
ranClusterOnce,7,200,8684258@N02,7,594.4665269777165,3.8003380009657173,5.0,True,4.400169000482858,1.0,0.0,7-28-6-22-7-23-16-7-11-27-7,1,3.0
ranClusterOnce,7,200,17373191@N00,7,594.4665269777165,3.8003380009657173,0.35379500332478386,True,2.0770665021452506,0.35379500332478386,0.0,7-28-6-22-7-23-16-7-11-27-7,1,3.0
ranClusterOnce,7,200,51149594@N07,7,594.4665269777165,3.8003380009657173,5.029573558828878,True,4.414955779897298,1.0,0.0,7-28-6-22-7-23-16-7-11-27-7,1,3.0
ranClusterOnce,7,200,25653648@N08,7,594.4665269777165,3.8003380009657173,1.0,True,2.4001690004828586,1.0,0.0,7-28-6-22-7-23-16-7-11-27-7,1,3.0
ranClusterOnce,7,200,24585780@N00,7,594.4665269777165,3.8003380009657173,5.0,True,4.400169000482858,1.0,0.0,7-28-6-22-7-23-16-7-11-27-7,1,3.0
ranClusterOnce,7,200,32132568@N06,7,594.4665269777165,3.8003380009657173,1.0,True,2.4001690004828586,1.0,0.0,7-28-6-22-7-23-16-7-11-27-7,1,3.0
ranClusterOnce,7,200,66691654@N00,7,594.4665269777165,3.8003380009657173,1.0,True,2.4001690004828586,1.0,0.0,7-28-6-22-7-23-16-7-11-27-7,1,3.0
ranClusterOnce,7,200,41969093@N00,7,594.4665269777165,3.8003380009657173,2.245316681534344,True,3.0228273412500304,1.0,0.0,7-28-6-22-7-23-16-7-11-27-7,1,3.0
ranClusterOnce,7,200,12369809@N07,7,594.4665269777165,3.8003380009657173,5.524851190476191,True,4.662594595720954,1.0,0.0,7-28-6-22-7-23-16-7-11-27-7,1,3.0
ranClusterOnce,7,200,27124254@N00,7,594.4665269777165,3.8003380009657173,5.018229034064871,True,4.409283517515294,1.0,0.0,7-28-6-22-7-23-16-7-11-27-7,1,3.0
ranClusterOnce,7,200,49503207397@N01,7,594.4665269777165,3.8003380009657173,5.6303604894719435,True,4.71534924521883,1.0,0.0,7-28-6-22-7-23-16-7-11-27-7,1,3.0
ranClusterOnce,7,200,33455071@N00,7,594.4665269777165,3.8003380009657173,1.0,True,2.4001690004828586,1.0,0.0,7-28-6-22-7-23-16-7-11-27-7,1,3.0
ranClusterOnce,7,200,16073996@N00,7,594.4665269777165,3.8003380009657173,5.0,True,4.400169000482858,1.0,0.0,7-28-6-22-7-23-16-7-11-27-7,1,3.0
ranClusterOnce,7,200,32188688@N00,7,594.4665269777165,3.8003380009657173,2.425003776244903,True,3.11267088860531,1.0,0.0,7-28-6-22-7-23-16-7-11-27-7,1,3.0
ranClusterOnce,7,200,55289779@N00,7,594.4665269777165,3.8003380009657173,5.725425134798839,True,4.762881567882278,1.0,0.010991289921194533,7-28-6-22-7-23-16-7-11-27-7,1,3.0
ranClusterOnce,7,200,67917860@N00,7,594.4665269777165,3.8003380009657173,2.604166666666668,True,3.2022523338161926,1.0,0.0,7-28-6-22-7-23-16-7-11-27-7,1,3.0
ranClusterOnce,7,200,69708810@N00,7,594.4665269777165,3.8003380009657173,2.0,True,2.9001690004828586,1.0,0.0,7-28-6-22-7-23-16-7-11-27-7,1,3.0
ranClusterOnce,7,200,95674706@N00,7,594.4665269777165,3.8003380009657173,1.0,True,2.4001690004828586,1.0,0.0,7-28-6-22-7-23-16-7-11-27-7,1,3.0
ranClusterOnce,7,200,13511601@N00,7,594.4665269777165,3.8003380009657173,2.0,True,2.9001690004828586,1.0,0.0,7-28-6-22-7-23-16-7-11-27-7,1,3.0
ranClusterOnce,7,200,87106106@N00,7,594.4665269777165,3.8003380009657173,2.0,True,2.9001690004828586,1.0,0.0,7-28-6-22-7-23-16-7-11-27-7,1,3.0
ranClusterOnce,7,200,28066281@N03,7,594.4665269777165,3.8003380009657173,5.0,True,4.400169000482858,1.0,0.0,7-28-6-22-7-23-16-7-11-27-7,1,3.0
ranClusterOnce,7,200,15580384@N05,7,594.4665269777165,3.8003380009657173,1.0,True,2.4001690004828586,1.0,0.0,7-28-6-22-7-23-16-7-11-27-7,1,3.0
ranClusterOnce,7,200,37649829@N03,7,594.4665269777165,3.8003380009657173,1.0,True,2.4001690004828586,1.0,0.0,7-28-6-22-7-23-16-7-11-27-7,1,3.0
ranClusterOnce,7,200,51050970@N07,7,594.4665269777165,3.8003380009657173,5.0,True,4.400169000482858,1.0,0.0,7-28-6-22-7-23-16-7-11-27-7,1,3.0
ranClusterOnce,7,200,65320201@N03,7,594.4665269777165,3.8003380009657173,1.0629650829994275,True,2.431651541982572,1.0,0.0,7-28-6-22-7-23-16-7-11-27-7,1,3.0
ranClusterOnce,7,200,41101678@N00,7,594.4665269777165,3.8003380009657173,0.0,True,1.9001690004828586,0.0,0.0,7-28-6-22-7-23-16-7-11-27-7,1,3.0
ranClusterOnce,7,200,15743963@N08,7,593.5766096658726,4.4299855142443265,4.0,True,4.214992757122163,1.0,0.0,7-21-28-22-7-23-16-7-11-27-7,1,4.0
ranClusterOnce,7,200,57449260@N00,7,593.5766096658726,4.4299855142443265,2.0,True,3.2149927571221633,1.0,0.0,7-21-28-22-7-23-16-7-11-27-7,1,4.0
ranClusterOnce,7,200,67961268@N00,7,593.5766096658726,4.4299855142443265,1.0,True,2.7149927571221633,1.0,0.0,7-21-28-22-7-23-16-7-11-27-7,1,4.0
ranClusterOnce,7,200,37996606796@N01,7,593.5766096658726,4.4299855142443265,1.3386581469648564,True,2.8843218306045912,1.0,0.0,7-21-28-22-7-23-16-7-11-27-7,1,4.0
ranClusterOnce,7,200,98153629@N00,7,593.5766096658726,4.4299855142443265,0.6661544371878607,True,2.5480699757160936,0.6292739147137922,0.0,7-21-28-22-7-23-16-7-11-27-7,1,4.0
ranClusterOnce,7,200,37574483@N07,7,593.5766096658726,4.4299855142443265,1.0440989039000765,True,2.7370422090722015,1.0,0.0,7-21-28-22-7-23-16-7-11-27-7,1,4.0
ranClusterOnce,7,200,12316147@N05,7,593.5766096658726,4.4299855142443265,4.775750324060225,True,4.602867919152276,1.0,0.0,7-21-28-22-7-23-16-7-11-27-7,1,4.0
ranClusterOnce,7,200,44124367252@N01,7,593.5766096658726,4.4299855142443265,2.3254972875226043,True,3.3777414008834654,1.0,0.0,7-21-28-22-7-23-16-7-11-27-7,1,4.0
ranClusterOnce,7,200,29146273@N03,7,593.5766096658726,4.4299855142443265,7.0,True,5.714992757122163,1.0,0.0,7-21-28-22-7-23-16-7-11-27-7,1,4.0
ranClusterOnce,7,200,76551426@N00,7,593.5766096658726,4.4299855142443265,0.0,True,2.2149927571221633,0.0,0.0,7-21-28-22-7-23-16-7-11-27-7,1,4.0
ranClusterOnce,7,200,26372307@N03,7,593.5766096658726,4.4299855142443265,0.0,True,2.2149927571221633,0.0,0.0,7-21-28-22-7-23-16-7-11-27-7,1,4.0
ranClusterOnce,7,200,20605823@N00,7,593.5766096658726,4.4299855142443265,4.363117496555795,True,4.39655150540006,1.0,0.0,7-21-28-22-7-23-16-7-11-27-7,1,4.0
ranClusterOnce,7,200,9416709@N08,7,593.5766096658726,4.4299855142443265,3.3381294964028747,True,3.8840575053236006,1.0,0.0,7-21-28-22-7-23-16-7-11-27-7,1,4.0
ranClusterOnce,7,200,81354599@N00,7,593.5766096658726,4.4299855142443265,1.0,True,2.7149927571221633,1.0,0.0,7-21-28-22-7-23-16-7-11-27-7,1,4.0
ranClusterOnce,7,200,19761391@N06,7,593.5766096658726,4.4299855142443265,2.4731381285805223,True,3.451561821412424,1.0,0.0,7-21-28-22-7-23-16-7-11-27-7,1,4.0
ranClusterOnce,7,200,17856604@N00,7,593.5766096658726,4.4299855142443265,2.9073482428114996,True,3.668666878527913,1.0,0.0,7-21-28-22-7-23-16-7-11-27-7,1,4.0
ranClusterOnce,7,200,33906853@N00,7,593.5766096658726,4.4299855142443265,4.112492419648271,True,4.271238966946299,1.0,0.0,7-21-28-22-7-23-16-7-11-27-7,1,4.0
ranClusterOnce,7,200,56619626@N05,7,593.5766096658726,4.4299855142443265,4.0,True,4.214992757122163,1.0,0.0,7-21-28-22-7-23-16-7-11-27-7,1,4.0
ranClusterOnce,7,200,38030421@N08,7,593.5766096658726,4.4299855142443265,0.0,True,2.2149927571221633,0.0,0.0,7-21-28-22-7-23-16-7-11-27-7,1,4.0
ranClusterOnce,7,200,42183741@N05,7,593.5766096658726,4.4299855142443265,4.0,True,4.214992757122163,1.0,0.0,7-21-28-22-7-23-16-7-11-27-7,1,4.0
ranClusterOnce,7,200,46769540@N00,7,593.5766096658726,4.4299855142443265,2.8507936507936504,True,3.6403895825189885,1.0,0.0,7-21-28-22-7-23-16-7-11-27-7,1,4.0
ranClusterOnce,7,200,32665807@N06,7,593.5766096658726,4.4299855142443265,4.009230618156822,True,4.219608066200575,1.0,0.0,7-21-28-22-7-23-16-7-11-27-7,1,4.0
ranClusterOnce,7,200,71423916@N00,7,593.5766096658726,4.4299855142443265,2.0,True,3.2149927571221633,1.0,0.0,7-21-28-22-7-23-16-7-11-27-7,1,4.0
ranClusterOnce,7,200,20275330@N00,7,593.5766096658726,4.4299855142443265,2.0,True,3.2149927571221633,1.0,0.0,7-21-28-22-7-23-16-7-11-27-7,1,4.0
ranClusterOnce,7,200,86993416@N00,7,593.5766096658726,4.4299855142443265,4.385779970842212,True,4.407882742543269,1.0,0.0,7-21-28-22-7-23-16-7-11-27-7,1,4.0
ranClusterOnce,7,200,10012675@N05,7,593.5766096658726,4.4299855142443265,4.0,True,4.214992757122163,1.0,0.0,7-21-28-22-7-23-16-7-11-27-7,1,4.0
ranClusterOnce,7,200,44129804@N03,7,593.5766096658726,4.4299855142443265,2.0,True,3.2149927571221633,1.0,0.0,7-21-28-22-7-23-16-7-11-27-7,1,4.0
ranClusterOnce,7,200,34427466731@N01,7,593.5766096658726,4.4299855142443265,3.5059164992185745,True,3.9679510067314503,1.0,0.0,7-21-28-22-7-23-16-7-11-27-7,1,4.0
ranClusterOnce,7,200,23739231@N00,7,593.5766096658726,4.4299855142443265,1.0,True,2.7149927571221633,1.0,0.0,7-21-28-22-7-23-16-7-11-27-7,1,4.0
ranClusterOnce,7,200,73293249@N00,7,593.5766096658726,4.4299855142443265,1.0,True,2.7149927571221633,1.0,0.0,7-21-28-22-7-23-16-7-11-27-7,1,4.0
ranClusterOnce,7,200,22996605@N05,7,594.1975961141576,4.215596330275229,5.012803970223326,True,4.614200150249277,1.0,0.0,7-21-28-22-7-11-27-7-16-6-7,1,5.0
ranClusterOnce,7,200,41555937@N00,7,594.1975961141576,4.215596330275229,5.0,True,4.6077981651376145,1.0,0.0,7-21-28-22-7-11-27-7-16-6-7,1,5.0
ranClusterOnce,7,200,55372451@N00,7,594.1975961141576,4.215596330275229,5.0,True,4.6077981651376145,1.0,0.0,7-21-28-22-7-11-27-7-16-6-7,1,5.0
ranClusterOnce,7,200,22292214@N00,7,594.1975961141576,4.215596330275229,1.489361702127661,True,2.8524790162014453,1.0,0.0,7-21-28-22-7-11-27-7-16-6-7,1,5.0
ranClusterOnce,7,200,42875348@N00,7,594.1975961141576,4.215596330275229,1.2106788799350687,True,2.713137605105149,1.0,0.0,7-21-28-22-7-11-27-7-16-6-7,1,5.0
ranClusterOnce,7,200,12072678@N00,7,594.1975961141576,4.215596330275229,2.0978371501272264,True,3.1567167402012277,1.0,0.0,7-21-28-22-7-11-27-7-16-6-7,1,5.0
ranClusterOnce,7,200,37256969@N08,7,594.1975961141576,4.215596330275229,0.8044692737430166,True,2.510032802009123,0.8044692737430166,0.0,7-21-28-22-7-11-27-7-16-6-7,1,5.0
ranClusterOnce,7,200,10031363@N00,7,594.1975961141576,4.215596330275229,5.0,True,4.6077981651376145,1.0,0.0,7-21-28-22-7-11-27-7-16-6-7,1,5.0
ranClusterOnce,7,200,24741597@N00,7,594.1975961141576,4.215596330275229,5.0,True,4.6077981651376145,1.0,0.0,7-21-28-22-7-11-27-7-16-6-7,1,5.0
ranClusterOnce,7,200,43334562@N00,7,594.1975961141576,4.215596330275229,2.361644759015841,True,3.2886205446455348,1.0,0.0,7-21-28-22-7-11-27-7-16-6-7,1,5.0
ranClusterOnce,7,200,68379435@N00,7,594.1975961141576,4.215596330275229,5.0,True,4.6077981651376145,1.0,0.0,7-21-28-22-7-11-27-7-16-6-7,1,5.0
ranClusterOnce,7,200,44576730@N06,7,594.1975961141576,4.215596330275229,1.46875,True,2.8421731651376145,1.0,0.0,7-21-28-22-7-11-27-7-16-6-7,1,5.0
ranClusterOnce,7,200,9492113@N02,7,594.1975961141576,4.215596330275229,1.0586490444185785,True,2.6371226873469036,1.0,0.0,7-21-28-22-7-11-27-7-16-6-7,1,5.0
ranClusterOnce,7,200,29052829@N00,7,594.1975961141576,4.215596330275229,5.002759889604416,True,4.609178109939823,1.0,0.0,7-21-28-22-7-11-27-7-16-6-7,1,5.0
ranClusterOnce,7,200,10602166@N06,7,594.1975961141576,4.215596330275229,5.0,True,4.6077981651376145,1.0,0.0,7-21-28-22-7-11-27-7-16-6-7,1,5.0
ranClusterOnce,7,200,48986833@N00,7,594.1975961141576,4.215596330275229,2.0,True,3.1077981651376145,1.0,0.0,7-21-28-22-7-11-27-7-16-6-7,1,5.0
ranClusterOnce,7,200,97478728@N00,7,594.1975961141576,4.215596330275229,1.0,True,2.6077981651376145,1.0,0.0,7-21-28-22-7-11-27-7-16-6-7,1,5.0
ranClusterOnce,7,200,65173084@N00,7,594.1975961141576,4.215596330275229,0.0,True,2.1077981651376145,0.0,0.0,7-21-28-22-7-11-27-7-16-6-7,1,5.0
ranClusterOnce,7,200,59724445@N07,7,594.1975961141576,4.215596330275229,2.0,True,3.1077981651376145,1.0,0.0,7-21-28-22-7-11-27-7-16-6-7,1,5.0
ranClusterOnce,7,200,18383768@N00,7,594.1975961141576,4.215596330275229,1.7803431476382126,True,2.997969738956721,1.0,0.0,7-21-28-22-7-11-27-7-16-6-7,1,5.0
ranClusterOnce,7,200,41814550@N00,7,594.1975961141576,4.215596330275229,1.0,True,2.6077981651376145,1.0,0.0,7-21-28-22-7-11-27-7-16-6-7,1,5.0
ranClusterOnce,7,200,73101728@N00,7,594.1975961141576,4.215596330275229,5.0,True,4.6077981651376145,1.0,0.0,7-21-28-22-7-11-27-7-16-6-7,1,5.0
ranClusterOnce,7,200,27291676@N06,7,594.1975961141576,4.215596330275229,1.0,True,2.6077981651376145,1.0,0.0,7-21-28-22-7-11-27-7-16-6-7,1,5.0
ranClusterOnce,7,200,64509021@N06,7,594.1975961141576,4.215596330275229,5.0,True,4.6077981651376145,1.0,0.0,7-21-28-22-7-11-27-7-16-6-7,1,5.0
ranClusterOnce,7,200,84197163@N00,7,594.1975961141576,4.215596330275229,5.8941441441441444,True,5.054870237209687,1.0,0.0,7-21-28-22-7-11-27-7-16-6-7,1,5.0
ranClusterOnce,7,200,15273063@N00,7,594.1975961141576,4.215596330275229,1.0,True,2.6077981651376145,1.0,0.0,7-21-28-22-7-11-27-7-16-6-7,1,5.0
ranClusterOnce,7,200,69843317@N00,7,594.1975961141576,4.215596330275229,5.0,True,4.6077981651376145,1.0,0.0,7-21-28-22-7-11-27-7-16-6-7,1,5.0
ranClusterOnce,7,200,34314322@N00,7,594.1975961141576,4.215596330275229,3.2014633140972784,True,3.7085298221862537,1.0,0.0,7-21-28-22-7-11-27-7-16-6-7,1,5.0
ranClusterOnce,7,200,12693197@N06,7,594.1975961141576,4.215596330275229,1.0,True,2.6077981651376145,1.0,0.0,7-21-28-22-7-11-27-7-16-6-7,1,5.0
ranClusterOnce,7,200,28309363@N07,7,594.1975961141576,4.215596330275229,5.095982142857142,True,4.655789236566186,1.0,0.0,7-21-28-22-7-11-27-7-16-6-7,1,5.0
ClusterPerDayByInterest,7,200,61239510@N00,7,593.2911082238842,4.4299855142443265,2.789151356080487,True,3.609568435162407,1.0,0.0,7-28-22-21-7-16-23-7-27-11-7,1,
ClusterPerDayByInterest,7,200,54484406@N08,7,586.9276114690437,3.5251086431675516,2.0,True,2.762554321583776,1.0,0.0,7-28-22-21-7-27-11-7-14-30-7,1,
ClusterPerDayByInterest,7,200,27031977@N04,7,593.2911082238842,4.4299855142443265,2.0,True,3.2149927571221633,1.0,0.0,7-28-22-21-7-16-23-7-27-11-7,1,
ClusterPerDayByInterest,7,200,57412095@N05,7,593.2911082238842,4.4299855142443265,2.591836734693876,True,3.5109111244691014,1.0,0.0,7-28-22-21-7-16-23-7-27-11-7,1,
ClusterPerDayByInterest,7,200,44124367252@N01,7,593.2911082238842,4.4299855142443265,2.3254972875226043,True,3.3777414008834654,1.0,0.0,7-28-22-21-7-16-23-7-27-11-7,1,
ClusterPerDayByInterest,7,200,29146273@N03,7,593.2911082238842,4.4299855142443265,7.0,True,5.714992757122163,1.0,0.0,7-28-22-21-7-16-23-7-27-11-7,1,
ClusterPerDayByInterest,7,200,30624156@N00,7,593.2911082238842,4.4299855142443265,6.879611323770673,True,5.6547984190075,1.0,0.011020906069911253,7-28-22-21-7-16-23-7-27-11-7,1,
ClusterPerDayByInterest,7,200,57449260@N00,7,593.2911082238842,4.4299855142443265,2.0,True,3.2149927571221633,1.0,0.0,7-28-22-21-7-16-23-7-27-11-7,1,
ClusterPerDayByInterest,7,200,84197163@N00,7,593.2911082238842,4.4299855142443265,4.969594594594595,True,4.699790054419461,1.0,0.0,7-28-22-21-7-16-23-7-27-11-7,1,
ClusterPerDayByInterest,7,200,41814550@N00,7,586.9276114690437,3.5251086431675516,2.0,True,2.762554321583776,1.0,0.0,7-28-22-21-7-27-11-7-14-30-7,1,
ClusterPerDayByInterest,7,200,14864718@N02,7,593.2911082238842,4.4299855142443265,2.005089058524173,True,3.2175372863842497,1.0,0.0,7-28-22-21-7-16-23-7-27-11-7,1,
ClusterPerDayByInterest,7,200,39038071@N00,7,593.2911082238842,4.4299855142443265,2.0,True,3.2149927571221633,1.0,0.0,7-28-22-21-7-16-23-7-27-11-7,1,
ClusterPerDayByInterest,7,200,12369809@N07,7,593.2911082238842,4.4299855142443265,5.0497023809523816,True,4.739843947598354,1.0,0.0,7-28-22-21-7-16-23-7-27-11-7,1,
ClusterPerDayByInterest,7,200,44576730@N06,7,586.9276114690437,3.5251086431675516,2.375,True,2.950054321583776,1.0,0.0,7-28-22-21-7-27-11-7-14-30-7,1,
ClusterPerDayByInterest,7,200,75546495@N03,7,586.9276114690437,3.5251086431675516,1.4954594428197623,True,2.510284042993657,0.7477297214098811,0.0,7-28-22-21-7-27-11-7-14-30-7,1,
ClusterPerDayByInterest,7,200,59525924@N05,7,593.2911082238842,4.4299855142443265,4.790633608815429,True,4.610309561529878,1.0,0.0,7-28-22-21-7-16-23-7-27-11-7,1,
ClusterPerDayByInterest,7,200,15273063@N00,7,586.9276114690437,3.5251086431675516,2.0,True,2.762554321583776,1.0,0.0,7-28-22-21-7-27-11-7-14-30-7,1,
ClusterPerDayByInterest,7,200,71423916@N00,7,593.2911082238842,4.4299855142443265,2.0,True,3.2149927571221633,1.0,0.0,7-28-22-21-7-16-23-7-27-11-7,1,
ClusterPerDayByInterest,7,200,15580384@N05,7,586.9276114690437,3.5251086431675516,2.0,True,2.762554321583776,1.0,0.0,7-28-22-21-7-27-11-7-14-30-7,1,
ClusterPerDayByInterest,7,200,54058921@N00,7,593.2911082238842,4.4299855142443265,4.0,True,4.214992757122163,1.0,0.0,7-28-22-21-7-16-23-7-27-11-7,1,
ClusterPerDayByInterest,7,200,25133522@N00,7,593.2911082238842,4.4299855142443265,4.44957805907173,True,4.4397817866580285,1.0,0.0,7-28-22-21-7-16-23-7-27-11-7,1,
ClusterPerDayByInterest,7,200,9942515@N05,7,593.2911082238842,4.4299855142443265,2.0,True,3.2149927571221633,1.0,0.0,7-28-22-21-7-16-23-7-27-11-7,1,
ClusterPerDayByInterest,7,200,82568321@N00,7,593.2911082238842,4.4299855142443265,2.2076226012793176,True,3.318804057761822,1.0,0.0,7-28-22-21-7-16-23-7-27-11-7,1,
ClusterPerDayByInterest,7,200,42875348@N00,7,593.2911082238842,4.4299855142443265,2.2106788799350685,True,3.3203321970896975,1.0,0.0,7-28-22-21-7-16-23-7-27-11-7,1,
ClusterPerDayByInterest,7,200,59724445@N07,7,593.2911082238842,4.4299855142443265,2.0,True,3.2149927571221633,1.0,0.0,7-28-22-21-7-16-23-7-27-11-7,1,
ClusterPerDayByInterest,7,200,43334562@N00,7,593.2911082238842,4.4299855142443265,2.2932254802831142,True,3.3616054972637204,1.0,0.0,7-28-22-21-7-16-23-7-27-11-7,1,
ClusterPerDayByInterest,7,200,12072678@N00,7,593.2911082238842,4.4299855142443265,2.1941899915182357,True,3.312087752881281,1.0,0.0,7-28-22-21-7-16-23-7-27-11-7,1,
ClusterPerDayByInterest,7,200,34314322@N00,7,593.2911082238842,4.4299855142443265,3.2014633140972784,True,3.8157244141708024,1.0,0.0,7-28-22-21-7-16-23-7-27-11-7,1,
ClusterPerDayByInterest,7,200,35034351963@N01,7,586.9276114690437,3.5251086431675516,0.0,True,1.7625543215837758,0.0,0.0,7-28-22-21-7-27-11-7-14-30-7,1,
ClusterPerDayByInterest,7,200,46769540@N00,7,593.2911082238842,4.4299855142443265,2.8507936507936504,True,3.6403895825189885,1.0,0.0,7-28-22-21-7-16-23-7-27-11-7,1,
ClusterPerDayByInterest,7,200,65846543@N00,6,537.3703183528851,3.6967648478995656,4.0,True,3.848382423949783,1.0,0.0,7-28-22-21-7-16-23-7-8-7,1,
ClusterPerDayByInterest,7,200,48986833@N00,7,593.2911082238842,4.4299855142443265,2.0,True,3.2149927571221633,1.0,0.0,7-28-22-21-7-16-23-7-27-11-7,1,
ClusterPerDayByInterest,7,200,38030421@N08,6,571.1880062943437,4.015451472718493,1.0,True,2.5077257363592467,1.0,0.0,7-28-22-21-7-4-7-23-16-7,1,
ClusterPerDayByInterest,7,200,32132568@N06,6,537.3703183528851,3.6967648478995656,1.0,True,2.348382423949783,1.0,0.0,7-28-22-21-7-16-23-7-8-7,1,
ClusterPerDayByInterest,7,200,76551426@N00,5,563.2689636588623,3.120473201352004,2.0,True,2.560236600676002,1.0,0.0,7-28-1-7-4-7-23-16-7,1,
ClusterPerDayByInterest,7,200,7262621@N06,5,563.2689636588623,3.120473201352004,2.0,True,2.560236600676002,1.0,0.0,7-28-1-7-4-7-23-16-7,1,
ClusterPerDayByInterest,7,200,79833224@N00,5,563.2689636588623,3.120473201352004,2.0,True,2.560236600676002,1.0,0.0,7-28-1-7-4-7-23-16-7,1,
ClusterPerDayByInterest,7,200,65173084@N00,5,563.2689636588623,3.120473201352004,2.0,True,2.560236600676002,1.0,0.0,7-28-1-7-4-7-23-16-7,1,
ClusterPerDayByInterest,7,200,29052829@N00,6,585.3720655884026,3.535007242877837,4.987810487580497,True,4.261408865229168,1.0,0.0,7-28-1-7-27-11-7-23-16-7,1,
ClusterPerDayByInterest,7,200,24566752@N05,5,563.2689636588623,3.120473201352004,2.095504172333934,True,2.607988686842969,1.0,0.0,7-28-1-7-4-7-23-16-7,1,
ClusterPerDayByInterest,7,200,17373191@N00,5,563.2689636588623,3.120473201352004,2.0,True,2.560236600676002,1.0,0.0,7-28-1-7-4-7-23-16-7,1,
ClusterPerDayByInterest,7,200,98453206@N00,5,563.2689636588623,3.120473201352004,1.0,True,2.060236600676002,1.0,0.0,7-28-1-7-4-7-23-16-7,1,
ClusterPerDayByInterest,7,200,76222606@N03,5,563.2689636588623,3.120473201352004,2.0,True,2.560236600676002,1.0,0.0,7-28-1-7-4-7-23-16-7,1,
ClusterPerDayByInterest,7,200,37256969@N08,6,579.0085688335622,2.6301303718010622,1.8044692737430166,True,2.2172998227720395,1.0,0.0,7-28-1-7-27-11-7-14-30-7,1,
ClusterPerDayByInterest,7,200,41101678@N00,5,563.2689636588623,3.120473201352004,2.0,True,2.560236600676002,1.0,0.0,7-28-1-7-4-7-23-16-7,1,
ClusterPerDayByInterest,7,200,33455071@N00,6,579.0085688335622,2.6301303718010622,0.0,True,1.3150651859005311,0.0,0.0,7-28-1-7-27-11-7-14-30-7,1,
ClusterPerDayByInterest,7,200,69349066@N00,6,550.1578236591108,3.6216803476581365,1.0291193181818181,True,2.3253998329199774,1.0,0.0,7-28-1-7-16-23-7-30-21-7,1,
ClusterPerDayByInterest,7,200,37574483@N07,6,579.0085688335622,2.6301303718010622,2.4265443113263654,True,2.528337341563714,1.0,0.0,7-28-1-7-27-11-7-14-30-7,1,
ClusterPerDayByInterest,7,200,61825972@N08,6,550.1578236591108,3.6216803476581365,2.0,True,2.8108401738290683,1.0,0.0,7-28-1-7-16-23-7-30-21-7,1,
ClusterPerDayByInterest,7,200,66907518@N00,5,563.2689636588623,3.120473201352004,2.0,True,2.560236600676002,1.0,0.0,7-28-1-7-4-7-23-16-7,1,
ClusterPerDayByInterest,7,200,44124427374@N01,5,563.2689636588623,3.120473201352004,2.0,True,2.560236600676002,1.0,0.0,7-28-1-7-4-7-23-16-7,1,
ClusterPerDayByInterest,7,200,67961268@N00,6,550.1578236591108,3.6216803476581365,1.0,True,2.3108401738290683,1.0,0.0,7-28-1-7-16-23-7-30-21-7,1,
ClusterPerDayByInterest,7,200,9416709@N08,6,585.3720655884026,3.535007242877837,1.3381294964028754,True,2.4365683696403564,0.33453237410071884,0.0,7-28-1-7-16-23-7-27-11-7,1,
ClusterPerDayByInterest,7,200,98153629@N00,5,563.2689636588623,3.120473201352004,2.656934306569343,True,2.8887037539606735,1.0,0.0,7-28-1-7-4-7-23-16-7,1,
ClusterPerDayByInterest,7,200,48784629@N00,5,563.2689636588623,3.120473201352004,2.102124112670324,True,2.6112986570111643,1.0,6.782968487893704e-05,7-28-1-7-4-7-23-16-7,1,
ClusterPerDayByInterest,7,200,90678392@N00,5,563.2689636588623,3.120473201352004,2.0,True,2.560236600676002,1.0,0.0,7-28-1-7-4-7-23-16-7,1,
ClusterPerDayByInterest,7,200,28636659@N05,6,585.3720655884026,3.535007242877837,4.0,True,3.7675036214389186,1.0,0.0,7-28-1-7-16-23-7-27-11-7,1,
ClusterPerDayByInterest,7,200,12925338@N07,6,579.0085688335622,2.6301303718010622,2.0,True,2.315065185900531,1.0,0.0,7-28-1-7-27-11-7-14-30-7,1,
ClusterPerDayByInterest,7,200,7680826@N04,7,545.3373373481561,3.450024142926123,3.0,True,3.2250120714630617,1.0,0.0,7-23-22-28-7-25-24-7-30-21-7,1,
ClusterPerDayByInterest,7,200,19761391@N06,7,545.3373373481561,3.450024142926123,3.008274984086569,True,3.229149563506346,1.0,0.0,7-23-22-28-7-25-24-7-30-21-7,1,
ClusterPerDayByInterest,7,200,17856604@N00,7,545.3373373481561,3.450024142926123,3.6805111821086247,True,3.565267662517374,1.0,0.0,7-23-22-28-7-25-24-7-30-21-7,1,
ClusterPerDayByInterest,7,200,43354049@N00,7,545.3373373481561,3.450024142926123,3.0,True,3.2250120714630617,1.0,0.0,7-23-22-28-7-25-24-7-30-21-7,1,
ClusterPerDayByInterest,7,200,41969093@N00,7,545.3373373481561,3.450024142926123,3.490633363068688,True,3.470328752997405,1.0,0.0,7-23-22-28-7-25-24-7-30-21-7,1,
ClusterPerDayByInterest,7,200,18383768@N00,7,545.3373373481561,3.450024142926123,3.0,True,3.2250120714630617,1.0,0.0,7-23-22-28-7-25-24-7-30-21-7,1,
ClusterPerDayByInterest,7,200,32188688@N00,7,545.3373373481561,3.450024142926123,3.850007552489805,True,3.650015847707964,1.0,0.0,7-23-22-28-7-25-24-7-30-21-7,1,
ClusterPerDayByInterest,7,200,71401076@N00,7,550.2886889447433,3.9435055528730083,5.967821401077753,True,4.9556634769753805,1.0,0.0,7-23-22-28-7-27-11-7-30-21-7,1,
ClusterPerDayByInterest,7,200,20275330@N00,7,545.3373373481561,3.450024142926123,3.0,True,3.2250120714630617,1.0,0.0,7-23-22-28-7-25-24-7-30-21-7,1,
ClusterPerDayByInterest,7,200,57958712@N00,7,545.3373373481561,3.450024142926123,4.11479856862519,True,3.7824113557756567,1.0,0.03618838739466704,7-23-22-28-7-25-24-7-30-21-7,1,
ClusterPerDayByInterest,7,200,13511601@N00,7,545.3373373481561,3.450024142926123,3.0,True,3.2250120714630617,1.0,0.0,7-23-22-28-7-25-24-7-30-21-7,1,
ClusterPerDayByInterest,7,200,30739892@N03,7,545.3373373481561,3.450024142926123,3.9186739804435953,True,3.684349061684859,1.0,0.0,7-23-22-28-7-25-24-7-30-21-7,1,
ClusterPerDayByInterest,7,200,22292214@N00,7,545.3373373481561,3.450024142926123,2.4893617021276615,True,2.9696929225268924,1.0,0.0,7-23-22-28-7-25-24-7-30-21-7,1,
ClusterPerDayByInterest,7,200,70597029@N00,7,545.3373373481561,3.450024142926123,3.0,True,3.2250120714630617,1.0,0.0,7-23-22-28-7-25-24-7-30-21-7,1,
ClusterPerDayByInterest,7,200,35034355962@N01,7,545.3373373481561,3.450024142926123,3.0,True,3.2250120714630617,1.0,0.0,7-23-22-28-7-25-24-7-30-21-7,1,
ClusterPerDayByInterest,7,200,14954127@N00,7,545.3373373481561,3.450024142926123,3.0,True,3.2250120714630617,1.0,0.0,7-23-22-28-7-25-24-7-30-21-7,1,
ClusterPerDayByInterest,7,200,33745415@N00,7,545.3373373481561,3.450024142926123,3.0,True,3.2250120714630617,1.0,0.0,7-23-22-28-7-25-24-7-30-21-7,1,
ClusterPerDayByInterest,7,200,69708810@N00,7,545.3373373481561,3.450024142926123,3.0,True,3.2250120714630617,1.0,0.0,7-23-22-28-7-25-24-7-30-21-7,1,
ClusterPerDayByInterest,7,200,9492113@N02,7,545.3373373481561,3.450024142926123,3.058649044418578,True,3.2543365936723507,1.0,0.0,7-23-22-28-7-25-24-7-30-21-7,1,
ClusterPerDayByInterest,7,200,97478728@N00,7,545.3373373481561,3.450024142926123,3.0,True,3.2250120714630617,1.0,0.0,7-23-22-28-7-25-24-7-30-21-7,1,
ClusterPerDayByInterest,7,200,7910884@N08,7,545.3373373481561,3.450024142926123,3.0,True,3.2250120714630617,1.0,0.0,7-23-22-28-7-25-24-7-30-21-7,1,
ClusterPerDayByInterest,7,200,34427466731@N01,7,545.3373373481561,3.450024142926123,3.45233311006921,True,3.4511786264976667,0.8070997990622899,0.0,7-23-22-28-7-25-24-7-30-21-7,1,
ClusterPerDayByInterest,7,200,20532289@N00,7,545.3373373481561,3.450024142926123,3.0,True,3.2250120714630617,1.0,0.0,7-23-22-28-7-25-24-7-30-21-7,1,
ClusterPerDayByInterest,7,200,87106106@N00,7,545.3373373481561,3.450024142926123,3.0,True,3.2250120714630617,1.0,0.0,7-23-22-28-7-25-24-7-30-21-7,1,
ClusterPerDayByInterest,7,200,44129804@N03,7,545.3373373481561,3.450024142926123,3.0,True,3.2250120714630617,1.0,0.0,7-23-22-28-7-25-24-7-30-21-7,1,
ClusterPerDayByInterest,7,200,14816925@N00,6,585.6863386488707,3.2892322549492996,3.464739566990905,True,3.3769859109701024,1.0,0.0,7-22-16-7-27-11-7-14-30-7,1,
ClusterPerDayByInterest,7,200,51035729697@N01,6,585.6863386488707,3.2892322549492996,2.455684870188004,True,2.872458562568652,1.0,0.0,7-22-16-7-27-11-7-14-30-7,1,
ClusterPerDayByInterest,7,200,37996606796@N01,6,585.6863386488707,3.2892322549492996,2.1693290734824284,True,2.729280664215864,1.0,0.0,7-22-16-7-27-11-7-14-30-7,1,
ClusterPerDayByInterest,7,200,27291676@N06,6,585.6863386488707,3.2892322549492996,2.0,True,2.6446161274746496,1.0,0.0,7-22-16-7-27-11-7-14-30-7,1,
ClusterPerDayByInterest,7,200,74547255@N00,6,585.6863386488707,3.2892322549492996,0.040546097540916176,True,1.664889176245108,0.020560901389916935,0.0,7-22-16-7-27-11-7-14-30-7,1,
ClusterPerDayByInterest,7,200,41634302@N08,6,585.6863386488707,3.2892322549492996,2.0,True,2.6446161274746496,1.0,0.0,7-22-16-7-27-11-7-14-30-7,1,
ClusterPerDayByInterest,7,200,44654079@N05,6,585.6863386488707,3.2892322549492996,2.1606265640930578,True,2.7249294095211787,1.0,0.0,7-22-16-7-27-11-7-14-30-7,1,
ClusterPerDayByInterest,7,200,85213921@N04,6,585.6863386488707,3.2892322549492996,2.384615384615385,True,2.836923819782342,1.0,0.0,7-22-16-7-27-11-7-14-30-7,1,
ClusterPerDayByInterest,7,200,12693197@N06,6,585.6863386488707,3.2892322549492996,2.0,True,2.6446161274746496,1.0,0.0,7-22-16-7-27-11-7-14-30-7,1,
ClusterPerDayByInterest,7,200,25653648@N08,6,585.6863386488707,3.2892322549492996,2.0,True,2.6446161274746496,1.0,0.0,7-22-16-7-27-11-7-14-30-7,1,
ClusterPerDayByInterest,7,200,81354599@N00,6,585.6863386488707,3.2892322549492996,2.0,True,2.6446161274746496,1.0,0.0,7-22-16-7-27-11-7-14-30-7,1,
ClusterPerDayByInterest,7,200,70319561@N00,6,585.6863386488707,3.2892322549492996,2.0,True,2.6446161274746496,1.0,0.0,7-22-16-7-27-11-7-14-30-7,1,
ClusterPerDayByInterest,7,200,93852598@N00,6,585.6863386488707,3.2892322549492996,2.0,True,2.6446161274746496,1.0,0.0,7-22-16-7-27-11-7-14-30-7,1,
ClusterPerDayByInterest,7,200,95674706@N00,6,585.6863386488707,3.2892322549492996,2.0,True,2.6446161274746496,1.0,0.0,7-22-16-7-27-11-7-14-30-7,1,
ClusterPerDayByInterest,7,200,23739231@N00,6,585.6863386488707,3.2892322549492996,2.0,True,2.6446161274746496,1.0,0.0,7-22-16-7-27-11-7-14-30-7,1,
ClusterPerDayByInterest,7,200,88105592@N00,6,585.6863386488707,3.2892322549492996,2.1756225425950197,True,2.7324273987721597,1.0,0.0,7-22-16-7-27-11-7-14-30-7,1,
ClusterPerDayByInterest,7,200,66691654@N00,6,585.6863386488707,3.2892322549492996,2.0,True,2.6446161274746496,1.0,0.0,7-22-16-7-27-11-7-14-30-7,1,
ClusterPerDayByInterest,7,200,73293249@N00,6,585.6863386488707,3.2892322549492996,2.0,True,2.6446161274746496,1.0,0.0,7-22-16-7-27-11-7-14-30-7,1,
ClusterPerDayByInterest,7,200,26372307@N03,6,585.6863386488707,3.2892322549492996,0.0,True,1.6446161274746498,0.0,0.0,7-22-16-7-27-11-7-14-30-7,1,
ClusterPerDayByInterest,7,200,44124367522@N01,6,585.6863386488707,3.2892322549492996,1.6637910042787079,True,2.476511629614004,1.0,0.0014262357811249866,7-22-16-7-27-11-7-14-30-7,1,
ClusterPerDayByInterest,7,200,37649829@N03,6,585.6863386488707,3.2892322549492996,2.0,True,2.6446161274746496,1.0,0.0,7-22-16-7-27-11-7-14-30-7,1,
ClusterPerDayByInterest,7,200,43139087@N00,6,585.6863386488707,3.2892322549492996,5.110128890674746,True,4.199680572812023,1.0,0.015392699286001312,7-22-16-7-27-11-7-14-30-7,1,
ClusterPerDayByInterest,7,200,61861930@N00,6,585.6863386488707,3.2892322549492996,2.918173168411037,True,3.1037027116801683,1.0,0.0,7-22-16-7-27-11-7-14-30-7,1,
ClusterPerDayByInterest,7,200,92354342@N00,6,585.6863386488707,3.2892322549492996,2.0,True,2.6446161274746496,1.0,0.0,7-22-16-7-27-11-7-14-30-7,1,
ClusterPerDayByInterest,7,200,67194633@N00,6,585.6863386488707,3.2892322549492996,2.3415662650602416,True,2.815399260004771,1.0,0.0,7-22-16-7-27-11-7-14-30-7,1,
ClusterPerDayByInterest,7,200,65320201@N03,6,585.6863386488707,3.2892322549492996,2.031482541499714,True,2.660357398224507,1.0,0.0,7-22-16-7-27-11-7-14-30-7,1,
ClusterPerDayByInterest,7,200,19614198@N00,6,537.0218749765788,2.909222597778851,6.0,True,4.454611298889425,1.0,0.0,7-22-6-28-7-27-11-7-8-7,1,
ClusterPerDayByInterest,7,200,41745522@N08,6,537.0218749765788,2.909222597778851,6.0,True,4.454611298889425,1.0,0.0,7-22-6-28-7-27-11-7-8-7,1,
ClusterPerDayByInterest,7,200,73101728@N00,6,537.0218749765788,2.909222597778851,6.0,True,4.454611298889425,1.0,0.0,7-22-6-28-7-27-11-7-8-7,1,
ClusterPerDayByInterest,7,200,28309363@N07,6,537.0218749765788,2.909222597778851,6.095982142857142,True,4.502602370317996,1.0,0.0,7-22-6-28-7-27-11-7-8-7,1,
ClusterPerDayByInterest,7,200,25113640@N00,6,537.0218749765788,2.909222597778851,6.0,True,4.454611298889425,1.0,0.0,7-22-6-28-7-27-11-7-8-7,1,
ClusterPerDayByInterest,7,200,69843317@N00,6,537.0218749765788,2.909222597778851,6.0,True,4.454611298889425,1.0,0.0,7-22-6-28-7-27-11-7-8-7,1,
ClusterPerDayByInterest,7,200,10012675@N05,6,537.0218749765788,2.909222597778851,6.0,True,4.454611298889425,1.0,0.0,7-22-6-28-7-27-11-7-8-7,1,
ClusterPerDayByInterest,7,200,10602166@N06,6,537.0218749765788,2.909222597778851,6.0,True,4.454611298889425,1.0,0.0,7-22-6-28-7-27-11-7-8-7,1,
ClusterPerDayByInterest,7,200,10031363@N00,6,537.0218749765788,2.909222597778851,6.0,True,4.454611298889425,1.0,0.0,7-22-6-28-7-27-11-7-8-7,1,
ClusterPerDayByInterest,7,200,8684258@N02,6,537.0218749765788,2.909222597778851,6.0,True,4.454611298889425,1.0,0.0,7-22-6-28-7-27-11-7-8-7,1,
ClusterPerDayByInterest,7,200,55372451@N00,6,537.0218749765788,2.909222597778851,6.0,True,4.454611298889425,1.0,0.0,7-22-6-28-7-27-11-7-8-7,1,
ClusterPerDayByInterest,7,200,36061217@N04,6,537.0218749765788,2.909222597778851,6.213444739840486,True,4.561333668809668,1.0,0.0,7-22-6-28-7-27-11-7-8-7,1,
ClusterPerDayByInterest,7,200,28066281@N03,6,537.0218749765788,2.909222597778851,6.0,True,4.454611298889425,1.0,0.0,7-22-6-28-7-27-11-7-8-7,1,
ClusterPerDayByInterest,7,200,53025862@N00,6,537.0218749765788,2.909222597778851,6.0,True,4.454611298889425,1.0,0.0,7-22-6-28-7-27-11-7-8-7,1,
ClusterPerDayByInterest,7,200,51149594@N07,6,537.0218749765788,2.909222597778851,6.023163302418622,True,4.466192950098737,1.0,0.0,7-22-6-28-7-27-11-7-8-7,1,
ClusterPerDayByInterest,7,200,41555937@N00,6,537.0218749765788,2.909222597778851,6.0,True,4.454611298889425,1.0,0.0,7-22-6-28-7-27-11-7-8-7,1,
ClusterPerDayByInterest,7,200,49503207397@N01,7,588.1030302228761,2.8954611298889423,5.6303604894719435,True,4.262910809680443,1.0,0.0,7-22-6-28-7-27-11-7-14-30-7,1,
ClusterPerDayByInterest,7,200,51050970@N07,6,537.0218749765788,2.909222597778851,6.0,True,4.454611298889425,1.0,0.0,7-22-6-28-7-27-11-7-8-7,1,
ClusterPerDayByInterest,7,200,24741597@N00,6,537.0218749765788,2.909222597778851,6.0,True,4.454611298889425,1.0,0.0,7-22-6-28-7-27-11-7-8-7,1,
ClusterPerDayByInterest,7,200,24585780@N00,6,537.0218749765788,2.909222597778851,6.0,True,4.454611298889425,1.0,0.0,7-22-6-28-7-27-11-7-8-7,1,
ClusterPerDayByInterest,7,200,40451262@N00,6,537.0218749765788,2.909222597778851,6.007911392405063,True,4.458566995091957,1.0,0.0,7-22-6-28-7-27-11-7-8-7,1,
ClusterPerDayByInterest,7,200,27124254@N00,6,537.0218749765788,2.909222597778851,6.018229034064871,True,4.463725815921861,1.0,0.0,7-22-6-28-7-27-11-7-8-7,1,
ClusterPerDayByInterest,7,200,64509021@N06,6,537.0218749765788,2.909222597778851,6.0,True,4.454611298889425,1.0,0.0,7-22-6-28-7-27-11-7-8-7,1,
ClusterPerDayByInterest,7,200,23836265@N00,6,537.0218749765788,2.909222597778851,6.0,True,4.454611298889425,1.0,0.0,7-22-6-28-7-27-11-7-8-7,1,
ClusterPerDayByInterest,7,200,69635173@N00,6,537.0218749765788,2.909222597778851,6.0,True,4.454611298889425,1.0,0.0,7-22-6-28-7-27-11-7-8-7,1,
ClusterPerDayByInterest,7,200,67917860@N00,6,537.0218749765788,2.909222597778851,1.6041666666666676,True,2.2566946322227595,1.0,0.0,7-22-6-28-7-27-11-7-8-7,1,
ClusterPerDayByInterest,7,200,20605823@N00,6,537.0218749765788,2.909222597778851,6.181558748277897,True,4.545390673028374,1.0,0.0,7-22-6-28-7-27-11-7-8-7,1,
ClusterPerDayByInterest,7,200,12316147@N05,7,588.1030302228761,2.8954611298889423,5.775750324060225,True,4.335605726974584,1.0,0.0,7-22-6-28-7-27-11-7-14-30-7,1,
ClusterPerDayByInterest,7,200,33906853@N00,6,537.0218749765788,2.909222597778851,6.056246209824136,True,4.482734403801493,1.0,0.0,7-22-6-28-7-27-11-7-8-7,1,
ClusterPerDayByInterest,7,200,32665807@N06,6,537.0218749765788,2.909222597778851,6.004615309078411,True,4.456918953428631,1.0,0.0,7-22-6-28-7-27-11-7-8-7,1,
ClusterPerDayByInterest,7,200,56619626@N05,6,537.0218749765788,2.909222597778851,6.0,True,4.454611298889425,1.0,0.0,7-22-6-28-7-27-11-7-8-7,1,
ClusterPerDayByInterest,7,200,31499593@N03,6,537.0218749765788,2.909222597778851,6.001084036953616,True,4.455153317366234,1.0,0.00012044855040169621,7-22-6-28-7-27-11-7-8-7,1,
ClusterPerDayByInterest,7,200,68379435@N00,6,537.0218749765788,2.909222597778851,6.0,True,4.454611298889425,1.0,0.0,7-22-6-28-7-27-11-7-8-7,1,
ClusterPerDayByInterest,7,200,16073996@N00,6,537.0218749765788,2.909222597778851,6.0,True,4.454611298889425,1.0,0.0,7-22-6-28-7-27-11-7-8-7,1,
ClusterPerDayByInterest,7,200,42183741@N05,6,537.0218749765788,2.909222597778851,6.0,True,4.454611298889425,1.0,0.0,7-22-6-28-7-27-11-7-8-7,1,
ClusterPerDayByInterest,7,200,86993416@N00,6,537.0218749765788,2.909222597778851,6.192889985421106,True,4.551056291599979,1.0,0.0,7-22-6-28-7-27-11-7-8-7,1,
ClusterPerDayByInterest,7,200,15743963@N08,6,537.0218749765788,2.909222597778851,6.0,True,4.454611298889425,1.0,0.0,7-22-6-28-7-27-11-7-8-7,1,
ClusterPerDayByInterest,7,200,93851844@N00,6,537.0218749765788,2.909222597778851,6.0,True,4.454611298889425,1.0,0.0,7-22-6-28-7-27-11-7-8-7,1,
ClusterPerDayByInterest,7,200,26344918@N04,6,537.0218749765788,2.909222597778851,6.0,True,4.454611298889425,1.0,0.0,7-22-6-28-7-27-11-7-8-7,1,
ClusterPerDayByInterest,7,200,55289779@N00,6,537.0218749765788,2.909222597778851,6.6862297801742026,True,4.797726188976527,1.0,0.028204064703442583,7-22-6-28-7-27-11-7-8-7,1,
ClusterPerDayByInterest,7,200,22996605@N05,7,594.4665269777165,3.8003380009657173,5.012803970223325,True,4.406570985594521,1.0,0.0,7-22-6-28-7-27-11-7-23-16-7,1,
NormalKmeans,7,200,19614198@N00,7,595.4002734934896,3.4413326895219702,6.0,True,4.720666344760986,1.0,0.0,7-28-6-22-7-11-27-7-21-10-7,1,1.0
NormalKmeans,7,200,64509021@N06,7,595.4002734934896,3.4413326895219702,6.0,True,4.720666344760986,1.0,0.0,7-28-6-22-7-11-27-7-21-10-7,1,1.0
NormalKmeans,7,200,35034355962@N01,7,595.4002734934896,3.4413326895219702,6.0,True,4.720666344760986,1.0,0.0,7-28-6-22-7-11-27-7-21-10-7,1,1.0
NormalKmeans,7,200,27124254@N00,7,595.4002734934896,3.4413326895219702,6.018229034064871,True,4.7297808617934205,1.0,0.0,7-28-6-22-7-11-27-7-21-10-7,1,1.0
NormalKmeans,7,200,22996605@N05,7,595.4002734934896,3.4413326895219702,6.0,True,4.720666344760986,1.0,0.0,7-28-6-22-7-11-27-7-21-10-7,1,1.0
NormalKmeans,7,200,59525924@N05,7,595.4002734934896,3.4413326895219702,6.520661157024794,True,4.980996923273382,1.0,0.0,7-28-6-22-7-11-27-7-21-10-7,1,1.0
NormalKmeans,7,200,24585780@N00,7,595.4002734934896,3.4413326895219702,6.0,True,4.720666344760986,1.0,0.0,7-28-6-22-7-11-27-7-21-10-7,1,1.0
NormalKmeans,7,200,24741597@N00,7,595.4002734934896,3.4413326895219702,6.0,True,4.720666344760986,1.0,0.0,7-28-6-22-7-11-27-7-21-10-7,1,1.0
NormalKmeans,7,200,54058921@N00,7,595.4002734934896,3.4413326895219702,6.0,True,4.720666344760986,1.0,0.0,7-28-6-22-7-11-27-7-21-10-7,1,1.0
NormalKmeans,7,200,51050970@N07,7,595.4002734934896,3.4413326895219702,6.0,True,4.720666344760986,1.0,0.0,7-28-6-22-7-11-27-7-21-10-7,1,1.0
NormalKmeans,7,200,41555937@N00,7,595.4002734934896,3.4413326895219702,6.0,True,4.720666344760986,1.0,0.0,7-28-6-22-7-11-27-7-21-10-7,1,1.0
NormalKmeans,7,200,12369809@N07,7,595.4002734934896,3.4413326895219702,7.049702380952382,True,5.245517535237177,1.0,0.0,7-28-6-22-7-11-27-7-21-10-7,1,1.0
NormalKmeans,7,200,51149594@N07,7,595.4002734934896,3.4413326895219702,6.0399163484269875,True,4.740624518974479,1.0,0.0,7-28-6-22-7-11-27-7-21-10-7,1,1.0
NormalKmeans,7,200,53025862@N00,7,595.4002734934896,3.4413326895219702,6.0,True,4.720666344760986,1.0,0.0,7-28-6-22-7-11-27-7-21-10-7,1,1.0
NormalKmeans,7,200,28066281@N03,7,595.4002734934896,3.4413326895219702,6.0,True,4.720666344760986,1.0,0.0,7-28-6-22-7-11-27-7-21-10-7,1,1.0
NormalKmeans,7,200,36061217@N04,7,595.4002734934896,3.4413326895219702,6.4268894796809715,True,4.93411108460147,1.0,0.0,7-28-6-22-7-11-27-7-21-10-7,1,1.0
NormalKmeans,7,200,55372451@N00,7,595.4002734934896,3.4413326895219702,6.0,True,4.720666344760986,1.0,0.0,7-28-6-22-7-11-27-7-21-10-7,1,1.0
NormalKmeans,7,200,49503207397@N01,7,595.4002734934896,3.4413326895219702,6.0,True,4.720666344760986,1.0,0.0,7-28-6-22-7-11-27-7-21-10-7,1,1.0
NormalKmeans,7,200,25133522@N00,7,595.4002734934896,3.4413326895219702,6.250949367088608,True,4.846141028305289,1.0,0.0,7-28-6-22-7-11-27-7-21-10-7,1,1.0
NormalKmeans,7,200,23836265@N00,7,595.4002734934896,3.4413326895219702,6.0,True,4.720666344760986,1.0,0.0,7-28-6-22-7-11-27-7-21-10-7,1,1.0
NormalKmeans,7,200,69635173@N00,7,595.4002734934896,3.4413326895219702,6.0,True,4.720666344760986,1.0,0.0,7-28-6-22-7-11-27-7-21-10-7,1,1.0
NormalKmeans,7,200,55289779@N00,7,595.4002734934896,3.4413326895219702,6.994608046453755,True,5.217970367987863,1.0,0.028204064703442583,7-28-6-22-7-11-27-7-21-10-7,1,1.0
NormalKmeans,7,200,26344918@N04,7,595.4002734934896,3.4413326895219702,6.0,True,4.720666344760986,1.0,0.0,7-28-6-22-7-11-27-7-21-10-7,1,1.0
NormalKmeans,7,200,28636659@N05,7,595.4002734934896,3.4413326895219702,6.0,True,4.720666344760986,1.0,0.0,7-28-6-22-7-11-27-7-21-10-7,1,1.0
NormalKmeans,7,200,93851844@N00,7,595.4002734934896,3.4413326895219702,6.0,True,4.720666344760986,1.0,0.0,7-28-6-22-7-11-27-7-21-10-7,1,1.0
NormalKmeans,7,200,15743963@N08,7,595.4002734934896,3.4413326895219702,6.0,True,4.720666344760986,1.0,0.0,7-28-6-22-7-11-27-7-21-10-7,1,1.0
NormalKmeans,7,200,86993416@N00,7,595.4002734934896,3.4413326895219702,6.192889985421106,True,4.8171113374715375,1.0,0.0,7-28-6-22-7-11-27-7-21-10-7,1,1.0
NormalKmeans,7,200,43139087@N00,7,595.4002734934896,3.4413326895219702,7.277192223286869,True,5.359262456404419,1.0,0.19784873118412524,7-28-6-22-7-11-27-7-21-10-7,1,1.0
NormalKmeans,7,200,42183741@N05,7,595.4002734934896,3.4413326895219702,6.0,True,4.720666344760986,1.0,0.0,7-28-6-22-7-11-27-7-21-10-7,1,1.0
NormalKmeans,7,200,16073996@N00,7,595.4002734934896,3.4413326895219702,6.0,True,4.720666344760986,1.0,0.0,7-28-6-22-7-11-27-7-21-10-7,1,1.0
NormalKmeans,7,200,68379435@N00,7,595.4002734934896,3.4413326895219702,6.0,True,4.720666344760986,1.0,0.0,7-28-6-22-7-11-27-7-21-10-7,1,1.0
NormalKmeans,7,200,65846543@N00,7,595.4002734934896,3.4413326895219702,6.0,True,4.720666344760986,1.0,0.0,7-28-6-22-7-11-27-7-21-10-7,1,1.0
NormalKmeans,7,200,31499593@N03,7,595.4002734934896,3.4413326895219702,6.001915131951388,True,4.721623910736679,1.0,0.00012044855040169621,7-28-6-22-7-11-27-7-21-10-7,1,1.0
NormalKmeans,7,200,56619626@N05,7,595.4002734934896,3.4413326895219702,6.0,True,4.720666344760986,1.0,0.0,7-28-6-22-7-11-27-7-21-10-7,1,1.0
NormalKmeans,7,200,32665807@N06,7,595.4002734934896,3.4413326895219702,6.009230618156822,True,4.725281653839396,1.0,0.0,7-28-6-22-7-11-27-7-21-10-7,1,1.0
NormalKmeans,7,200,33906853@N00,7,595.4002734934896,3.4413326895219702,6.112492419648271,True,4.77691255458512,1.0,0.0,7-28-6-22-7-11-27-7-21-10-7,1,1.0
NormalKmeans,7,200,12316147@N05,7,595.4002734934896,3.4413326895219702,6.0,True,4.720666344760986,1.0,0.0,7-28-6-22-7-11-27-7-21-10-7,1,1.0
NormalKmeans,7,200,20605823@N00,7,595.4002734934896,3.4413326895219702,6.363117496555795,True,4.902225093038883,1.0,0.0,7-28-6-22-7-11-27-7-21-10-7,1,1.0
NormalKmeans,7,200,8684258@N02,7,595.4002734934896,3.4413326895219702,6.0,True,4.720666344760986,1.0,0.0,7-28-6-22-7-11-27-7-21-10-7,1,1.0
NormalKmeans,7,200,10031363@N00,7,595.4002734934896,3.4413326895219702,6.0,True,4.720666344760986,1.0,0.0,7-28-6-22-7-11-27-7-21-10-7,1,1.0
NormalKmeans,7,200,40451262@N00,7,595.4002734934896,3.4413326895219702,6.015822784810126,True,4.728577737166049,1.0,0.0,7-28-6-22-7-11-27-7-21-10-7,1,1.0
NormalKmeans,7,200,10012675@N05,7,595.4002734934896,3.4413326895219702,6.0,True,4.720666344760986,1.0,0.0,7-28-6-22-7-11-27-7-21-10-7,1,1.0
NormalKmeans,7,200,10602166@N06,7,595.4002734934896,3.4413326895219702,6.0,True,4.720666344760986,1.0,0.0,7-28-6-22-7-11-27-7-21-10-7,1,1.0
NormalKmeans,7,200,73101728@N00,7,595.4002734934896,3.4413326895219702,6.0,True,4.720666344760986,1.0,0.0,7-28-6-22-7-11-27-7-21-10-7,1,1.0
NormalKmeans,7,200,69843317@N00,7,595.4002734934896,3.4413326895219702,6.0,True,4.720666344760986,1.0,0.0,7-28-6-22-7-11-27-7-21-10-7,1,1.0
NormalKmeans,7,200,84197163@N00,7,595.4002734934896,3.4413326895219702,6.8941441441441444,True,5.167738416833057,1.0,0.0,7-28-6-22-7-11-27-7-21-10-7,1,1.0
NormalKmeans,7,200,25113640@N00,7,595.4002734934896,3.4413326895219702,6.0,True,4.720666344760986,1.0,0.0,7-28-6-22-7-11-27-7-21-10-7,1,1.0
NormalKmeans,7,200,28309363@N07,7,595.4002734934896,3.4413326895219702,6.095982142857142,True,4.768657416189557,1.0,0.0,7-28-6-22-7-11-27-7-21-10-7,1,1.0
NormalKmeans,7,200,29052829@N00,7,595.4002734934896,3.4413326895219702,6.002759889604416,True,4.722046289563194,1.0,0.0,7-28-6-22-7-11-27-7-21-10-7,1,1.0
NormalKmeans,7,200,41745522@N08,7,595.4002734934896,3.4413326895219702,6.0,True,4.720666344760986,1.0,0.0,7-28-6-22-7-11-27-7-21-10-7,1,1.0
NormalKmeans,7,200,44124427374@N01,5,529.434413357828,2.8500724287783683,3.0,True,2.925036214389184,1.0,0.0,7-3-22-7-28-1-7-4-7,1,2.0
NormalKmeans,7,200,48784629@N00,5,529.434413357828,2.8500724287783683,3.040536063217266,True,2.945304245997817,1.0,6.782968487893704e-05,7-3-22-7-28-1-7-4-7,1,2.0
NormalKmeans,7,200,7262621@N06,5,529.434413357828,2.8500724287783683,3.0,True,2.925036214389184,1.0,0.0,7-3-22-7-28-1-7-4-7,1,2.0
NormalKmeans,7,200,74547255@N00,5,529.434413357828,2.8500724287783683,3.020560901389917,True,2.9353166650841427,1.0,0.0,7-3-22-7-28-1-7-4-7,1,2.0
NormalKmeans,7,200,66907518@N00,5,529.434413357828,2.8500724287783683,3.0,True,2.925036214389184,1.0,0.0,7-3-22-7-28-1-7-4-7,1,2.0
NormalKmeans,7,200,75546495@N03,5,529.434413357828,2.8500724287783683,3.7477297214098813,True,3.2989010750941246,1.0,0.0,7-3-22-7-28-1-7-4-7,1,2.0
NormalKmeans,7,200,17373191@N00,5,529.434413357828,2.8500724287783683,3.353795003324784,True,3.101933716051576,1.0,0.0,7-3-22-7-28-1-7-4-7,1,2.0
NormalKmeans,7,200,98153629@N00,5,529.434413357828,2.8500724287783683,3.0276603918555507,True,2.9388664103169595,1.0,0.0,7-3-22-7-28-1-7-4-7,1,2.0
NormalKmeans,7,200,26372307@N03,5,529.434413357828,2.8500724287783683,3.0,True,2.925036214389184,1.0,0.0,7-3-22-7-28-1-7-4-7,1,2.0
NormalKmeans,7,200,35034351963@N01,5,529.434413357828,2.8500724287783683,3.0,True,2.925036214389184,1.0,0.0,7-3-22-7-28-1-7-4-7,1,2.0
NormalKmeans,7,200,41101678@N00,5,529.434413357828,2.8500724287783683,3.0,True,2.925036214389184,1.0,0.0,7-3-22-7-28-1-7-4-7,1,2.0
NormalKmeans,7,200,37256969@N08,5,529.434413357828,2.8500724287783683,3.0,True,2.925036214389184,1.0,0.0,7-3-22-7-28-1-7-4-7,1,2.0
NormalKmeans,7,200,38030421@N08,5,529.434413357828,2.8500724287783683,3.0,True,2.925036214389184,1.0,0.0,7-3-22-7-28-1-7-4-7,1,2.0
NormalKmeans,7,200,24566752@N05,5,529.434413357828,2.8500724287783683,3.0,True,2.925036214389184,1.0,0.0,7-3-22-7-28-1-7-4-7,1,2.0
NormalKmeans,7,200,65173084@N00,5,529.434413357828,2.8500724287783683,3.0,True,2.925036214389184,1.0,0.0,7-3-22-7-28-1-7-4-7,1,2.0
NormalKmeans,7,200,90678392@N00,5,529.434413357828,2.8500724287783683,3.0,True,2.925036214389184,1.0,0.0,7-3-22-7-28-1-7-4-7,1,2.0
NormalKmeans,7,200,76222606@N03,5,529.434413357828,2.8500724287783683,3.0,True,2.925036214389184,1.0,0.0,7-3-22-7-28-1-7-4-7,1,2.0
NormalKmeans,7,200,79833224@N00,5,529.434413357828,2.8500724287783683,3.0,True,2.925036214389184,1.0,0.0,7-3-22-7-28-1-7-4-7,1,2.0
NormalKmeans,7,200,76551426@N00,5,529.434413357828,2.8500724287783683,3.0,True,2.925036214389184,1.0,0.0,7-3-22-7-28-1-7-4-7,1,2.0
NormalKmeans,7,200,9942515@N05,7,582.7976973363934,4.348865282472236,2.0,True,3.174432641236118,1.0,0.0,7-28-22-21-7-16-30-7-27-11-7,1,3.0
NormalKmeans,7,200,43334562@N00,7,582.7976973363934,4.348865282472236,2.3127738456353217,True,3.3308195640537788,1.0,0.0,7-28-22-21-7-16-30-7-27-11-7,1,3.0
NormalKmeans,7,200,71423916@N00,7,582.7976973363934,4.348865282472236,2.0,True,3.174432641236118,1.0,0.0,7-28-22-21-7-16-30-7-27-11-7,1,3.0
NormalKmeans,7,200,44124367252@N01,7,582.7976973363934,4.348865282472236,2.167088607594937,True,3.2579769450335867,1.0,0.0,7-28-22-21-7-16-30-7-27-11-7,1,3.0
NormalKmeans,7,200,15580384@N05,7,582.7976973363934,4.348865282472236,2.0,True,3.174432641236118,1.0,0.0,7-28-22-21-7-16-30-7-27-11-7,1,3.0
NormalKmeans,7,200,59724445@N07,7,582.7976973363934,4.348865282472236,2.0,True,3.174432641236118,1.0,0.0,7-28-22-21-7-16-30-7-27-11-7,1,3.0
NormalKmeans,7,200,46769540@N00,7,582.7976973363934,4.348865282472236,2.5353698712189274,True,3.4421175768455816,1.0,0.0,7-28-22-21-7-16-30-7-27-11-7,1,3.0
NormalKmeans,7,200,34314322@N00,7,582.7976973363934,4.348865282472236,3.852019785655399,True,4.100442534063817,1.0,0.0,7-28-22-21-7-16-30-7-27-11-7,1,3.0
NormalKmeans,7,200,57412095@N05,7,582.7976973363934,4.348865282472236,3.591836734693876,True,3.970351008583056,1.0,0.0,7-28-22-21-7-16-30-7-27-11-7,1,3.0
NormalKmeans,7,200,12072678@N00,7,582.7976973363934,4.348865282472236,2.0993214588634435,True,3.2240933706678394,1.0,0.0,7-28-22-21-7-16-30-7-27-11-7,1,3.0
NormalKmeans,7,200,57449260@N00,7,582.7976973363934,4.348865282472236,2.0,True,3.174432641236118,1.0,0.0,7-28-22-21-7-16-30-7-27-11-7,1,3.0
NormalKmeans,7,200,61825972@N08,7,582.7976973363934,4.348865282472236,2.0,True,3.174432641236118,1.0,0.0,7-28-22-21-7-16-30-7-27-11-7,1,3.0
NormalKmeans,7,200,30624156@N00,7,582.7976973363934,4.348865282472236,6.647078618600942,True,5.497971950536589,1.0,0.011020906069911253,7-28-22-21-7-16-30-7-27-11-7,1,3.0
NormalKmeans,7,200,32132568@N06,7,582.7976973363934,4.348865282472236,2.0,True,3.174432641236118,1.0,0.0,7-28-22-21-7-16-30-7-27-11-7,1,3.0
NormalKmeans,7,200,41814550@N00,7,582.7976973363934,4.348865282472236,2.0,True,3.174432641236118,1.0,0.0,7-28-22-21-7-16-30-7-27-11-7,1,3.0
NormalKmeans,7,200,12925338@N07,7,582.7976973363934,4.348865282472236,2.0,True,3.174432641236118,1.0,0.0,7-28-22-21-7-16-30-7-27-11-7,1,3.0
NormalKmeans,7,200,48986833@N00,7,582.7976973363934,4.348865282472236,2.0,True,3.174432641236118,1.0,0.0,7-28-22-21-7-16-30-7-27-11-7,1,3.0
NormalKmeans,7,200,22292214@N00,7,582.7976973363934,4.348865282472236,2.489361702127661,True,3.4191134922999487,1.0,0.0,7-28-22-21-7-16-30-7-27-11-7,1,3.0
NormalKmeans,7,200,15273063@N00,7,582.7976973363934,4.348865282472236,2.0,True,3.174432641236118,1.0,0.0,7-28-22-21-7-16-30-7-27-11-7,1,3.0
NormalKmeans,7,200,39038071@N00,7,582.7976973363934,4.348865282472236,2.0,True,3.174432641236118,1.0,0.0,7-28-22-21-7-16-30-7-27-11-7,1,3.0
NormalKmeans,7,200,61239510@N00,7,582.7976973363934,4.348865282472236,2.7804024496937854,True,3.5646338660830104,1.0,0.0,7-28-22-21-7-16-30-7-27-11-7,1,3.0
NormalKmeans,7,200,14864718@N02,7,582.7976973363934,4.348865282472236,2.010178117048346,True,3.179521699760291,1.0,0.0,7-28-22-21-7-16-30-7-27-11-7,1,3.0
NormalKmeans,7,200,44576730@N06,7,582.7976973363934,4.348865282472236,2.375,True,3.361932641236118,1.0,0.0,7-28-22-21-7-16-30-7-27-11-7,1,3.0
NormalKmeans,7,200,37574483@N07,7,582.7976973363934,4.348865282472236,2.0440989039000765,True,3.196482093186156,1.0,0.0,7-28-22-21-7-16-30-7-27-11-7,1,3.0
NormalKmeans,7,200,9416709@N08,7,582.7976973363934,4.348865282472236,3.3381294964028747,True,3.8434973894375553,1.0,0.0,7-28-22-21-7-16-30-7-27-11-7,1,3.0
NormalKmeans,7,200,54484406@N08,7,582.7976973363934,4.348865282472236,2.0,True,3.174432641236118,1.0,0.0,7-28-22-21-7-16-30-7-27-11-7,1,3.0
NormalKmeans,7,200,44124367522@N01,7,582.7976973363934,4.348865282472236,2.654155216196474,True,3.5015102493343546,1.0,0.0014262357811249866,7-28-22-21-7-16-30-7-27-11-7,1,3.0
NormalKmeans,7,200,33455071@N00,7,582.7976973363934,4.348865282472236,2.0,True,3.174432641236118,1.0,0.0,7-28-22-21-7-16-30-7-27-11-7,1,3.0
NormalKmeans,7,200,29146273@N03,7,582.7976973363934,4.348865282472236,8.0,True,6.174432641236118,1.0,0.0,7-28-22-21-7-16-30-7-27-11-7,1,3.0
NormalKmeans,7,200,27031977@N04,7,582.7976973363934,4.348865282472236,2.0,True,3.174432641236118,1.0,0.0,7-28-22-21-7-16-30-7-27-11-7,1,3.0
NormalKmeans,7,200,14816925@N00,6,578.2308857976266,2.4295026557218735,4.207601192343901,True,3.3185519240328873,1.0,0.0,7-22-16-7-25-14-7-15-28-7,1,4.0
NormalKmeans,7,200,73293249@N00,6,578.2308857976266,2.4295026557218735,3.0,True,2.7147513278609368,1.0,0.0,7-22-16-7-25-14-7-15-28-7,1,4.0
NormalKmeans,7,200,34427466731@N01,6,578.2308857976266,2.4295026557218735,4.5483366822951545,True,3.488919669008514,1.0,0.0,7-22-16-7-25-14-7-15-28-7,1,4.0
NormalKmeans,7,200,37649829@N03,6,578.2308857976266,2.4295026557218735,3.0,True,2.7147513278609368,1.0,0.0,7-22-16-7-25-14-7-15-28-7,1,4.0
NormalKmeans,7,200,66691654@N00,6,578.2308857976266,2.4295026557218735,3.0,True,2.7147513278609368,1.0,0.0,7-22-16-7-25-14-7-15-28-7,1,4.0
NormalKmeans,7,200,61861930@N00,6,578.2308857976266,2.4295026557218735,3.70789724072312,True,3.0686999482224966,1.0,0.0,7-22-16-7-25-14-7-15-28-7,1,4.0
NormalKmeans,7,200,92354342@N00,6,578.2308857976266,2.4295026557218735,3.0,True,2.7147513278609368,1.0,0.0,7-22-16-7-25-14-7-15-28-7,1,4.0
NormalKmeans,7,200,67194633@N00,6,578.2308857976266,2.4295026557218735,3.3415662650602416,True,2.8855344603910575,1.0,0.0,7-22-16-7-25-14-7-15-28-7,1,4.0
NormalKmeans,7,200,67961268@N00,6,578.2308857976266,2.4295026557218735,3.0,True,2.7147513278609368,1.0,0.0,7-22-16-7-25-14-7-15-28-7,1,4.0
NormalKmeans,7,200,65320201@N03,6,578.2308857976266,2.4295026557218735,3.031482541499714,True,2.7304925986107937,1.0,0.0,7-22-16-7-25-14-7-15-28-7,1,4.0
NormalKmeans,7,200,23739231@N00,6,578.2308857976266,2.4295026557218735,3.0,True,2.7147513278609368,1.0,0.0,7-22-16-7-25-14-7-15-28-7,1,4.0
NormalKmeans,7,200,95674706@N00,6,578.2308857976266,2.4295026557218735,3.0,True,2.7147513278609368,1.0,0.0,7-22-16-7-25-14-7-15-28-7,1,4.0
NormalKmeans,7,200,98453206@N00,6,578.2308857976266,2.4295026557218735,3.0,True,2.7147513278609368,1.0,0.0,7-22-16-7-25-14-7-15-28-7,1,4.0
NormalKmeans,7,200,41634302@N08,6,578.2308857976266,2.4295026557218735,3.0,True,2.7147513278609368,1.0,0.0,7-22-16-7-25-14-7-15-28-7,1,4.0
NormalKmeans,7,200,12693197@N06,6,578.2308857976266,2.4295026557218735,3.0,True,2.7147513278609368,1.0,0.0,7-22-16-7-25-14-7-15-28-7,1,4.0
NormalKmeans,7,200,25653648@N08,6,578.2308857976266,2.4295026557218735,3.0,True,2.7147513278609368,1.0,0.0,7-22-16-7-25-14-7-15-28-7,1,4.0
NormalKmeans,7,200,88105592@N00,6,578.2308857976266,2.4295026557218735,3.1756225425950197,True,2.8025625991584464,1.0,0.0,7-22-16-7-25-14-7-15-28-7,1,4.0
NormalKmeans,7,200,93852598@N00,6,578.2308857976266,2.4295026557218735,3.0,True,2.7147513278609368,1.0,0.0,7-22-16-7-25-14-7-15-28-7,1,4.0
NormalKmeans,7,200,44654079@N05,6,578.2308857976266,2.4295026557218735,3.146167392714802,True,2.787835024218338,1.0,0.0,7-22-16-7-25-14-7-15-28-7,1,4.0
NormalKmeans,7,200,69349066@N00,6,578.2308857976266,2.4295026557218735,3.0016571969696972,True,2.7155799263457854,1.0,0.0,7-22-16-7-25-14-7-15-28-7,1,4.0
NormalKmeans,7,200,85213921@N04,6,578.2308857976266,2.4295026557218735,3.384615384615385,True,2.9070590201686293,1.0,0.0,7-22-16-7-25-14-7-15-28-7,1,4.0
NormalKmeans,7,200,51035729697@N01,6,578.2308857976266,2.4295026557218735,3.360340196956132,True,2.894921426339003,1.0,0.0,7-22-16-7-25-14-7-15-28-7,1,4.0
NormalKmeans,7,200,81354599@N00,6,578.2308857976266,2.4295026557218735,3.0,True,2.7147513278609368,1.0,0.0,7-22-16-7-25-14-7-15-28-7,1,4.0
NormalKmeans,7,200,27291676@N06,6,578.2308857976266,2.4295026557218735,3.0,True,2.7147513278609368,1.0,0.0,7-22-16-7-25-14-7-15-28-7,1,4.0
NormalKmeans,7,200,70319561@N00,6,578.2308857976266,2.4295026557218735,3.0,True,2.7147513278609368,1.0,0.0,7-22-16-7-25-14-7-15-28-7,1,4.0
NormalKmeans,7,200,37996606796@N01,6,578.2308857976266,2.4295026557218735,3.1693290734824284,True,2.799415864602151,1.0,0.0,7-22-16-7-25-14-7-15-28-7,1,4.0
NormalKmeans,7,200,57958712@N00,6,544.5182251627707,3.1373732496378564,4.7511831928893,True,3.9442782212635783,1.0,0.03618838739466704,7-23-25-7-27-11-7-24-22-7,1,5.0
NormalKmeans,7,200,87106106@N00,6,544.5182251627707,3.1373732496378564,4.0,True,3.568686624818928,1.0,0.0,7-23-25-7-27-11-7-24-22-7,1,5.0
NormalKmeans,7,200,44129804@N03,6,544.5182251627707,3.1373732496378564,4.0,True,3.568686624818928,1.0,0.0,7-23-25-7-27-11-7-24-22-7,1,5.0
NormalKmeans,7,200,20275330@N00,6,544.5182251627707,3.1373732496378564,4.0,True,3.568686624818928,1.0,0.0,7-23-25-7-27-11-7-24-22-7,1,5.0
NormalKmeans,7,200,7680826@N04,6,544.5182251627707,3.1373732496378564,4.0,True,3.568686624818928,1.0,0.0,7-23-25-7-27-11-7-24-22-7,1,5.0
NormalKmeans,7,200,71401076@N00,6,544.5182251627707,3.1373732496378564,7.935642802155505,True,5.536508025896681,1.0,0.0,7-23-25-7-27-11-7-24-22-7,1,5.0
NormalKmeans,7,200,32188688@N00,6,544.5182251627707,3.1373732496378564,4.418256885353205,True,3.777815067495531,1.0,0.0,7-23-25-7-27-11-7-24-22-7,1,5.0
NormalKmeans,7,200,20532289@N00,6,544.5182251627707,3.1373732496378564,4.0,True,3.568686624818928,1.0,0.0,7-23-25-7-27-11-7-24-22-7,1,5.0
NormalKmeans,7,200,13511601@N00,6,544.5182251627707,3.1373732496378564,4.0,True,3.568686624818928,1.0,0.0,7-23-25-7-27-11-7-24-22-7,1,5.0
NormalKmeans,7,200,41969093@N00,6,544.5182251627707,3.1373732496378564,4.0,True,3.568686624818928,1.0,0.0,7-23-25-7-27-11-7-24-22-7,1,5.0
NormalKmeans,7,200,30739892@N03,6,544.5182251627707,3.1373732496378564,4.426782733126639,True,3.7820779913822475,1.0,0.0,7-23-25-7-27-11-7-24-22-7,1,5.0
NormalKmeans,7,200,70597029@N00,6,544.5182251627707,3.1373732496378564,4.0,True,3.568686624818928,1.0,0.0,7-23-25-7-27-11-7-24-22-7,1,5.0
NormalKmeans,7,200,19761391@N06,6,544.5182251627707,3.1373732496378564,4.0,True,3.568686624818928,1.0,0.0,7-23-25-7-27-11-7-24-22-7,1,5.0
NormalKmeans,7,200,43354049@N00,6,544.5182251627707,3.1373732496378564,4.0,True,3.568686624818928,1.0,0.0,7-23-25-7-27-11-7-24-22-7,1,5.0
NormalKmeans,7,200,14954127@N00,6,544.5182251627707,3.1373732496378564,4.0,True,3.568686624818928,1.0,0.0,7-23-25-7-27-11-7-24-22-7,1,5.0
NormalKmeans,7,200,33745415@N00,6,544.5182251627707,3.1373732496378564,4.0,True,3.568686624818928,1.0,0.0,7-23-25-7-27-11-7-24-22-7,1,5.0
NormalKmeans,7,200,69708810@N00,6,544.5182251627707,3.1373732496378564,4.0,True,3.568686624818928,1.0,0.0,7-23-25-7-27-11-7-24-22-7,1,5.0
NormalKmeans,7,200,82568321@N00,6,544.5182251627707,3.1373732496378564,4.0,True,3.568686624818928,1.0,0.0,7-23-25-7-27-11-7-24-22-7,1,5.0
NormalKmeans,7,200,67917860@N00,6,544.5182251627707,3.1373732496378564,4.0,True,3.568686624818928,1.0,0.0,7-23-25-7-27-11-7-24-22-7,1,5.0
NormalKmeans,7,200,9492113@N02,6,544.5182251627707,3.1373732496378564,4.029324522209289,True,3.5833488859235727,1.0,0.0,7-23-25-7-27-11-7-24-22-7,1,5.0
NormalKmeans,7,200,7910884@N08,6,544.5182251627707,3.1373732496378564,4.0,True,3.568686624818928,1.0,0.0,7-23-25-7-27-11-7-24-22-7,1,5.0
NormalKmeans,7,200,17856604@N00,6,544.5182251627707,3.1373732496378564,4.9073482428115,True,4.0223607462246775,1.0,0.0,7-23-25-7-27-11-7-24-22-7,1,5.0
NormalKmeans,7,200,97478728@N00,6,544.5182251627707,3.1373732496378564,4.0,True,3.568686624818928,1.0,0.0,7-23-25-7-27-11-7-24-22-7,1,5.0
NormalKmeans,7,200,18383768@N00,6,544.5182251627707,3.1373732496378564,4.0,True,3.568686624818928,1.0,0.0,7-23-25-7-27-11-7-24-22-7,1,5.0
NormalKmeans,7,200,42875348@N00,6,544.5182251627707,3.1373732496378564,4.105339439967534,True,3.6213563448026953,1.0,0.0,7-23-25-7-27-11-7-24-22-7,1,5.0
CCKmeans,7,200,7680826@N04,7,562.9670445555391,3.982858522452921,3.0,True,3.4914292612264606,1.0,0.0,7-23-25-7-27-11-7-28-21-22-7,1,1.0
CCKmeans,7,200,19761391@N06,7,562.9670445555391,3.982858522452921,3.0041374920432844,True,3.4934980072481028,1.0,0.0,7-23-25-7-27-11-7-28-21-22-7,1,1.0
CCKmeans,7,200,17856604@N00,7,562.9670445555391,3.982858522452921,3.9073482428114996,True,3.9451033826322104,1.0,0.0,7-23-25-7-27-11-7-28-21-22-7,1,1.0
CCKmeans,7,200,43354049@N00,7,562.9670445555391,3.982858522452921,3.0,True,3.4914292612264606,1.0,0.0,7-23-25-7-27-11-7-28-21-22-7,1,1.0
CCKmeans,7,200,41969093@N00,7,562.9670445555391,3.982858522452921,3.245316681534344,True,3.6140876019936323,1.0,0.0,7-23-25-7-27-11-7-28-21-22-7,1,1.0
CCKmeans,7,200,18383768@N00,7,562.9670445555391,3.982858522452921,3.0,True,3.4914292612264606,1.0,0.0,7-23-25-7-27-11-7-28-21-22-7,1,1.0
CCKmeans,7,200,32188688@N00,7,562.9670445555391,3.982858522452921,3.843260661598108,True,3.9130595920255145,1.0,0.0,7-23-25-7-27-11-7-28-21-22-7,1,1.0
CCKmeans,7,200,71401076@N00,7,562.9670445555391,3.982858522452921,6.951732101616629,True,5.467295312034775,1.0,0.0,7-23-25-7-27-11-7-28-21-22-7,1,1.0
CCKmeans,7,200,20275330@N00,7,562.9670445555391,3.982858522452921,3.0,True,3.4914292612264606,1.0,0.0,7-23-25-7-27-11-7-28-21-22-7,1,1.0
CCKmeans,7,200,57958712@N00,7,562.9670445555391,3.982858522452921,4.040459425141408,True,4.011658973797164,1.0,0.03618838739466704,7-23-25-7-27-11-7-28-21-22-7,1,1.0
CCKmeans,7,200,13511601@N00,7,562.9670445555391,3.982858522452921,3.0,True,3.4914292612264606,1.0,0.0,7-23-25-7-27-11-7-28-21-22-7,1,1.0
CCKmeans,7,200,30739892@N03,7,562.9670445555391,3.982858522452921,3.886119723348437,True,3.934489122900679,1.0,0.0,7-23-25-7-27-11-7-28-21-22-7,1,1.0
CCKmeans,7,200,22292214@N00,7,562.9670445555391,3.982858522452921,1.489361702127661,True,2.736110112290291,1.0,0.0,7-23-25-7-27-11-7-28-21-22-7,1,1.0
CCKmeans,7,200,70597029@N00,7,562.9670445555391,3.982858522452921,3.0,True,3.4914292612264606,1.0,0.0,7-23-25-7-27-11-7-28-21-22-7,1,1.0
CCKmeans,7,200,69349066@N00,7,562.9670445555391,3.982858522452921,0.0033143939393939495,True,1.9930864581961576,0.0016571969696969747,0.0,7-23-25-7-27-11-7-28-21-22-7,1,1.0
CCKmeans,7,200,61825972@N08,7,562.9670445555391,3.982858522452921,1.0,True,2.4914292612264606,1.0,0.0,7-23-25-7-27-11-7-28-21-22-7,1,1.0
CCKmeans,7,200,35034355962@N01,7,562.9670445555391,3.982858522452921,4.0,True,3.9914292612264606,1.0,0.0,7-23-25-7-27-11-7-28-21-22-7,1,1.0
CCKmeans,7,200,14954127@N00,7,562.9670445555391,3.982858522452921,3.0,True,3.4914292612264606,1.0,0.0,7-23-25-7-27-11-7-28-21-22-7,1,1.0
CCKmeans,7,200,33745415@N00,7,562.9670445555391,3.982858522452921,3.0,True,3.4914292612264606,1.0,0.0,7-23-25-7-27-11-7-28-21-22-7,1,1.0
CCKmeans,7,200,69708810@N00,7,562.9670445555391,3.982858522452921,3.0,True,3.4914292612264606,1.0,0.0,7-23-25-7-27-11-7-28-21-22-7,1,1.0
CCKmeans,7,200,9492113@N02,7,562.9670445555391,3.982858522452921,3.058649044418578,True,3.5207537834357496,1.0,0.0,7-23-25-7-27-11-7-28-21-22-7,1,1.0
CCKmeans,7,200,97478728@N00,7,562.9670445555391,3.982858522452921,3.0,True,3.4914292612264606,1.0,0.0,7-23-25-7-27-11-7-28-21-22-7,1,1.0
CCKmeans,7,200,67961268@N00,7,562.9670445555391,3.982858522452921,0.0,True,1.9914292612264606,0.0,0.0,7-23-25-7-27-11-7-28-21-22-7,1,1.0
CCKmeans,7,200,7910884@N08,7,562.9670445555391,3.982858522452921,3.0,True,3.4914292612264606,1.0,0.0,7-23-25-7-27-11-7-28-21-22-7,1,1.0
CCKmeans,7,200,34427466731@N01,7,562.9670445555391,3.982858522452921,3.3130162982808646,True,3.647937410366893,0.8070997990622899,0.0,7-23-25-7-27-11-7-28-21-22-7,1,1.0
CCKmeans,7,200,20532289@N00,7,562.9670445555391,3.982858522452921,3.0,True,3.4914292612264606,1.0,0.0,7-23-25-7-27-11-7-28-21-22-7,1,1.0
CCKmeans,7,200,87106106@N00,7,562.9670445555391,3.982858522452921,3.0,True,3.4914292612264606,1.0,0.0,7-23-25-7-27-11-7-28-21-22-7,1,1.0
CCKmeans,7,200,44129804@N03,7,562.9670445555391,3.982858522452921,3.0,True,3.4914292612264606,1.0,0.0,7-23-25-7-27-11-7-28-21-22-7,1,1.0
CCKmeans,7,200,61239510@N00,7,593.5766096658725,4.4299855142443265,2.789151356080487,True,3.609568435162407,1.0,0.0,7-21-28-22-7-27-11-7-23-16-7,1,2.0
CCKmeans,7,200,27031977@N04,7,593.5766096658725,4.4299855142443265,2.0,True,3.2149927571221633,1.0,0.0,7-21-28-22-7-27-11-7-23-16-7,1,2.0
CCKmeans,7,200,57412095@N05,7,593.5766096658725,4.4299855142443265,2.591836734693876,True,3.5109111244691014,1.0,0.0,7-21-28-22-7-27-11-7-23-16-7,1,2.0
CCKmeans,7,200,44124367252@N01,7,593.5766096658725,4.4299855142443265,2.3254972875226043,True,3.3777414008834654,1.0,0.0,7-21-28-22-7-27-11-7-23-16-7,1,2.0
CCKmeans,7,200,29146273@N03,7,593.5766096658725,4.4299855142443265,7.0,True,5.714992757122163,1.0,0.0,7-21-28-22-7-27-11-7-23-16-7,1,2.0
CCKmeans,7,200,30624156@N00,7,593.5766096658725,4.4299855142443265,6.879611323770671,True,5.6547984190074985,1.0,0.011020906069911253,7-21-28-22-7-27-11-7-23-16-7,1,2.0
CCKmeans,7,200,57449260@N00,7,593.5766096658725,4.4299855142443265,2.0,True,3.2149927571221633,1.0,0.0,7-21-28-22-7-27-11-7-23-16-7,1,2.0
CCKmeans,7,200,84197163@N00,7,593.5766096658725,4.4299855142443265,4.969594594594595,True,4.699790054419461,1.0,0.0,7-21-28-22-7-27-11-7-23-16-7,1,2.0
CCKmeans,7,200,14864718@N02,7,593.5766096658725,4.4299855142443265,2.005089058524173,True,3.2175372863842497,1.0,0.0,7-21-28-22-7-27-11-7-23-16-7,1,2.0
CCKmeans,7,200,39038071@N00,7,593.5766096658725,4.4299855142443265,2.0,True,3.2149927571221633,1.0,0.0,7-21-28-22-7-27-11-7-23-16-7,1,2.0
CCKmeans,7,200,12369809@N07,7,593.5766096658725,4.4299855142443265,5.0497023809523816,True,4.739843947598354,1.0,0.0,7-21-28-22-7-27-11-7-23-16-7,1,2.0
CCKmeans,7,200,59525924@N05,7,593.5766096658725,4.4299855142443265,4.790633608815429,True,4.610309561529878,1.0,0.0,7-21-28-22-7-27-11-7-23-16-7,1,2.0
CCKmeans,7,200,71423916@N00,7,593.5766096658725,4.4299855142443265,2.0,True,3.2149927571221633,1.0,0.0,7-21-28-22-7-27-11-7-23-16-7,1,2.0
CCKmeans,7,200,54058921@N00,7,593.5766096658725,4.4299855142443265,4.0,True,4.214992757122163,1.0,0.0,7-21-28-22-7-27-11-7-23-16-7,1,2.0
CCKmeans,7,200,25133522@N00,7,593.5766096658725,4.4299855142443265,4.44957805907173,True,4.4397817866580285,1.0,0.0,7-21-28-22-7-27-11-7-23-16-7,1,2.0
CCKmeans,7,200,9942515@N05,7,593.5766096658725,4.4299855142443265,2.0,True,3.2149927571221633,1.0,0.0,7-21-28-22-7-27-11-7-23-16-7,1,2.0
CCKmeans,7,200,82568321@N00,7,593.5766096658725,4.4299855142443265,2.2076226012793176,True,3.318804057761822,1.0,0.0,7-21-28-22-7-27-11-7-23-16-7,1,2.0
CCKmeans,7,200,42875348@N00,7,593.5766096658725,4.4299855142443265,2.2106788799350685,True,3.3203321970896975,1.0,0.0,7-21-28-22-7-27-11-7-23-16-7,1,2.0
CCKmeans,7,200,59724445@N07,7,593.5766096658725,4.4299855142443265,2.0,True,3.2149927571221633,1.0,0.0,7-21-28-22-7-27-11-7-23-16-7,1,2.0
CCKmeans,7,200,43334562@N00,7,593.5766096658725,4.4299855142443265,2.2932254802831142,True,3.3616054972637204,1.0,0.0,7-21-28-22-7-27-11-7-23-16-7,1,2.0
CCKmeans,7,200,9416709@N08,7,593.5766096658725,4.4299855142443265,3.3381294964028747,True,3.8840575053236006,1.0,0.0,7-21-28-22-7-27-11-7-23-16-7,1,2.0
CCKmeans,7,200,12072678@N00,7,593.5766096658725,4.4299855142443265,2.1941899915182357,True,3.312087752881281,1.0,0.0,7-21-28-22-7-27-11-7-23-16-7,1,2.0
CCKmeans,7,200,34314322@N00,7,593.5766096658725,4.4299855142443265,3.2014633140972784,True,3.8157244141708024,1.0,0.0,7-21-28-22-7-27-11-7-23-16-7,1,2.0
CCKmeans,7,200,46769540@N00,7,593.5766096658725,4.4299855142443265,2.8507936507936504,True,3.6403895825189885,1.0,0.0,7-21-28-22-7-27-11-7-23-16-7,1,2.0
CCKmeans,7,200,48986833@N00,7,593.5766096658725,4.4299855142443265,2.0,True,3.2149927571221633,1.0,0.0,7-21-28-22-7-27-11-7-23-16-7,1,2.0
CCKmeans,7,200,28636659@N05,7,593.5766096658725,4.4299855142443265,4.0,True,4.214992757122163,1.0,0.0,7-21-28-22-7-27-11-7-23-16-7,1,2.0
CCKmeans,7,200,14816925@N00,7,582.7738013411147,3.6830033800096578,3.4104565422027027,True,3.5467299611061804,1.0,0.0,7-22-16-7-14-30-7-23-21-28-7,1,3.0
CCKmeans,7,200,54484406@N08,7,582.7738013411147,3.6830033800096578,2.0,True,2.841501690004829,1.0,0.0,7-22-16-7-14-30-7-23-21-28-7,1,3.0
CCKmeans,7,200,51035729697@N01,7,582.7738013411147,3.6830033800096578,2.4346463742166513,True,3.0588248771131545,1.0,0.0,7-22-16-7-14-30-7-23-21-28-7,1,3.0
CCKmeans,7,200,37996606796@N01,7,582.7738013411147,3.6830033800096578,2.1693290734824284,True,2.926166226746043,1.0,0.0,7-22-16-7-14-30-7-23-21-28-7,1,3.0
CCKmeans,7,200,27291676@N06,7,582.7738013411147,3.6830033800096578,2.0,True,2.841501690004829,1.0,0.0,7-22-16-7-14-30-7-23-21-28-7,1,3.0
CCKmeans,7,200,74547255@N00,7,582.7738013411147,3.6830033800096578,0.061106998930833115,True,1.8720551894702455,0.020560901389916935,0.0,7-22-16-7-14-30-7-23-21-28-7,1,3.0
CCKmeans,7,200,41634302@N08,7,582.7738013411147,3.6830033800096578,2.0,True,2.841501690004829,1.0,0.0,7-22-16-7-14-30-7-23-21-28-7,1,3.0
CCKmeans,7,200,44654079@N05,7,582.7738013411147,3.6830033800096578,2.2489572712948376,True,2.9659803256522475,1.0,0.0,7-22-16-7-14-30-7-23-21-28-7,1,3.0
CCKmeans,7,200,85213921@N04,7,582.7738013411147,3.6830033800096578,2.384615384615385,True,3.0338093823125214,1.0,0.0,7-22-16-7-14-30-7-23-21-28-7,1,3.0
CCKmeans,7,200,12693197@N06,7,582.7738013411147,3.6830033800096578,2.0,True,2.841501690004829,1.0,0.0,7-22-16-7-14-30-7-23-21-28-7,1,3.0
CCKmeans,7,200,25653648@N08,7,582.7738013411147,3.6830033800096578,2.0,True,2.841501690004829,1.0,0.0,7-22-16-7-14-30-7-23-21-28-7,1,3.0
CCKmeans,7,200,41814550@N00,7,582.7738013411147,3.6830033800096578,2.0,True,2.841501690004829,1.0,0.0,7-22-16-7-14-30-7-23-21-28-7,1,3.0
CCKmeans,7,200,81354599@N00,7,582.7738013411147,3.6830033800096578,2.0,True,2.841501690004829,1.0,0.0,7-22-16-7-14-30-7-23-21-28-7,1,3.0
CCKmeans,7,200,49503207397@N01,7,582.7738013411147,3.6830033800096578,4.260720978943888,True,3.971862179476773,1.0,0.0,7-22-16-7-14-30-7-23-21-28-7,1,3.0
CCKmeans,7,200,37256969@N08,7,582.7738013411147,3.6830033800096578,1.6089385474860332,True,2.6459709637478452,0.8044692737430166,0.0,7-22-16-7-14-30-7-23-21-28-7,1,3.0
CCKmeans,7,200,44576730@N06,7,582.7738013411147,3.6830033800096578,2.28125,True,2.982126690004829,1.0,0.0,7-22-16-7-14-30-7-23-21-28-7,1,3.0
CCKmeans,7,200,33455071@N00,7,582.7738013411147,3.6830033800096578,2.0,True,2.841501690004829,1.0,0.0,7-22-16-7-14-30-7-23-21-28-7,1,3.0
CCKmeans,7,200,75546495@N03,7,582.7738013411147,3.6830033800096578,1.4954594428197623,True,2.58923141141471,0.7477297214098811,0.0,7-22-16-7-14-30-7-23-21-28-7,1,3.0
CCKmeans,7,200,37574483@N07,7,582.7738013411147,3.6830033800096578,2.088197807800153,True,2.8856005939049054,1.0,0.0,7-22-16-7-14-30-7-23-21-28-7,1,3.0
CCKmeans,7,200,15273063@N00,7,582.7738013411147,3.6830033800096578,2.0,True,2.841501690004829,1.0,0.0,7-22-16-7-14-30-7-23-21-28-7,1,3.0
CCKmeans,7,200,70319561@N00,7,582.7738013411147,3.6830033800096578,2.0,True,2.841501690004829,1.0,0.0,7-22-16-7-14-30-7-23-21-28-7,1,3.0
CCKmeans,7,200,15580384@N05,7,582.7738013411147,3.6830033800096578,2.0,True,2.841501690004829,1.0,0.0,7-22-16-7-14-30-7-23-21-28-7,1,3.0
CCKmeans,7,200,93852598@N00,7,582.7738013411147,3.6830033800096578,2.0,True,2.841501690004829,1.0,0.0,7-22-16-7-14-30-7-23-21-28-7,1,3.0
CCKmeans,7,200,12316147@N05,7,582.7738013411147,3.6830033800096578,4.5515006481204505,True,4.117252014065054,1.0,0.0,7-22-16-7-14-30-7-23-21-28-7,1,3.0
CCKmeans,7,200,95674706@N00,7,582.7738013411147,3.6830033800096578,2.0,True,2.841501690004829,1.0,0.0,7-22-16-7-14-30-7-23-21-28-7,1,3.0
CCKmeans,7,200,23739231@N00,7,582.7738013411147,3.6830033800096578,2.0,True,2.841501690004829,1.0,0.0,7-22-16-7-14-30-7-23-21-28-7,1,3.0
CCKmeans,7,200,88105592@N00,7,582.7738013411147,3.6830033800096578,2.3512450851900395,True,3.0171242325998486,1.0,0.0,7-22-16-7-14-30-7-23-21-28-7,1,3.0
CCKmeans,7,200,66691654@N00,7,582.7738013411147,3.6830033800096578,2.0,True,2.841501690004829,1.0,0.0,7-22-16-7-14-30-7-23-21-28-7,1,3.0
CCKmeans,7,200,73293249@N00,7,582.7738013411147,3.6830033800096578,2.0,True,2.841501690004829,1.0,0.0,7-22-16-7-14-30-7-23-21-28-7,1,3.0
CCKmeans,7,200,35034351963@N01,7,582.7738013411147,3.6830033800096578,0.0,True,1.8415016900048289,0.0,0.0,7-22-16-7-14-30-7-23-21-28-7,1,3.0
CCKmeans,7,200,26372307@N03,7,582.7738013411147,3.6830033800096578,0.0,True,1.8415016900048289,0.0,0.0,7-22-16-7-14-30-7-23-21-28-7,1,3.0
CCKmeans,7,200,44124367522@N01,7,582.7738013411147,3.6830033800096578,2.663269210700247,True,3.1731362953549525,1.0,0.0014262357811249866,7-22-16-7-14-30-7-23-21-28-7,1,3.0
CCKmeans,7,200,37649829@N03,7,582.7738013411147,3.6830033800096578,2.0,True,2.841501690004829,1.0,0.0,7-22-16-7-14-30-7-23-21-28-7,1,3.0
CCKmeans,7,200,43139087@N00,7,582.7738013411147,3.6830033800096578,4.6639569746236855,True,4.173480177316671,1.0,0.015392699286001312,7-22-16-7-14-30-7-23-21-28-7,1,3.0
CCKmeans,7,200,12925338@N07,7,582.7738013411147,3.6830033800096578,2.0,True,2.841501690004829,1.0,0.0,7-22-16-7-14-30-7-23-21-28-7,1,3.0
CCKmeans,7,200,61861930@N00,7,582.7738013411147,3.6830033800096578,2.784966698382492,True,3.233985039196075,1.0,0.0,7-22-16-7-14-30-7-23-21-28-7,1,3.0
CCKmeans,7,200,92354342@N00,7,582.7738013411147,3.6830033800096578,2.0,True,2.841501690004829,1.0,0.0,7-22-16-7-14-30-7-23-21-28-7,1,3.0
CCKmeans,7,200,67194633@N00,7,582.7738013411147,3.6830033800096578,2.6831325301204827,True,3.18306795506507,1.0,0.0,7-22-16-7-14-30-7-23-21-28-7,1,3.0
CCKmeans,7,200,65320201@N03,7,582.7738013411147,3.6830033800096578,2.031482541499714,True,2.857242960754686,1.0,0.0,7-22-16-7-14-30-7-23-21-28-7,1,3.0
CCKmeans,7,200,76551426@N00,5,529.434413357828,2.8500724287783683,3.0,True,2.925036214389184,1.0,0.0,7-3-22-7-28-1-7-4-7,1,4.0
CCKmeans,7,200,7262621@N06,5,529.434413357828,2.8500724287783683,3.0,True,2.925036214389184,1.0,0.0,7-3-22-7-28-1-7-4-7,1,4.0
CCKmeans,7,200,79833224@N00,5,529.434413357828,2.8500724287783683,3.0,True,2.925036214389184,1.0,0.0,7-3-22-7-28-1-7-4-7,1,4.0
CCKmeans,7,200,65173084@N00,5,529.434413357828,2.8500724287783683,3.0,True,2.925036214389184,1.0,0.0,7-3-22-7-28-1-7-4-7,1,4.0
CCKmeans,7,200,29052829@N00,5,529.434413357828,2.8500724287783683,5.964811407543699,True,4.407441918161034,1.0,0.0,7-3-22-7-28-1-7-4-7,1,4.0
CCKmeans,7,200,24566752@N05,5,529.434413357828,2.8500724287783683,3.0,True,2.925036214389184,1.0,0.0,7-3-22-7-28-1-7-4-7,1,4.0
CCKmeans,7,200,17373191@N00,5,529.434413357828,2.8500724287783683,3.353795003324784,True,3.101933716051576,1.0,0.0,7-3-22-7-28-1-7-4-7,1,4.0
CCKmeans,7,200,98453206@N00,5,529.434413357828,2.8500724287783683,0.0,True,1.4250362143891842,0.0,0.0,7-3-22-7-28-1-7-4-7,1,4.0
CCKmeans,7,200,76222606@N03,5,529.434413357828,2.8500724287783683,3.0,True,2.925036214389184,1.0,0.0,7-3-22-7-28-1-7-4-7,1,4.0
CCKmeans,7,200,41101678@N00,5,529.434413357828,2.8500724287783683,3.0,True,2.925036214389184,1.0,0.0,7-3-22-7-28-1-7-4-7,1,4.0
CCKmeans,7,200,66907518@N00,5,529.434413357828,2.8500724287783683,3.0,True,2.925036214389184,1.0,0.0,7-3-22-7-28-1-7-4-7,1,4.0
CCKmeans,7,200,44124427374@N01,5,529.434413357828,2.8500724287783683,3.0,True,2.925036214389184,1.0,0.0,7-3-22-7-28-1-7-4-7,1,4.0
CCKmeans,7,200,98153629@N00,5,529.434413357828,2.8500724287783683,3.0276603918555507,True,2.9388664103169595,1.0,0.0,7-3-22-7-28-1-7-4-7,1,4.0
CCKmeans,7,200,48784629@N00,5,529.434413357828,2.8500724287783683,3.040536063217266,True,2.945304245997817,1.0,6.782968487893704e-05,7-3-22-7-28-1-7-4-7,1,4.0
CCKmeans,7,200,90678392@N00,5,529.434413357828,2.8500724287783683,3.0,True,2.925036214389184,1.0,0.0,7-3-22-7-28-1-7-4-7,1,4.0
CCKmeans,7,200,38030421@N08,5,529.434413357828,2.8500724287783683,3.0,True,2.925036214389184,1.0,0.0,7-3-22-7-28-1-7-4-7,1,4.0
CCKmeans,7,200,22996605@N05,5,529.434413357828,2.8500724287783683,5.631066997518614,True,4.240569713148491,1.0,0.0,7-3-22-7-28-1-7-4-7,1,4.0
CCKmeans,7,200,19614198@N00,7,594.3976030845168,3.4413326895219702,6.0,True,4.720666344760986,1.0,0.0,7-6-22-28-7-27-11-7-10-21-7,1,5.0
CCKmeans,7,200,41745522@N08,7,594.3976030845168,3.4413326895219702,6.0,True,4.720666344760986,1.0,0.0,7-6-22-28-7-27-11-7-10-21-7,1,5.0
CCKmeans,7,200,73101728@N00,7,594.3976030845168,3.4413326895219702,6.0,True,4.720666344760986,1.0,0.0,7-6-22-28-7-27-11-7-10-21-7,1,5.0
CCKmeans,7,200,28309363@N07,7,594.3976030845168,3.4413326895219702,6.095982142857142,True,4.768657416189557,1.0,0.0,7-6-22-28-7-27-11-7-10-21-7,1,5.0
CCKmeans,7,200,25113640@N00,7,594.3976030845168,3.4413326895219702,6.0,True,4.720666344760986,1.0,0.0,7-6-22-28-7-27-11-7-10-21-7,1,5.0
CCKmeans,7,200,69843317@N00,7,594.3976030845168,3.4413326895219702,6.0,True,4.720666344760986,1.0,0.0,7-6-22-28-7-27-11-7-10-21-7,1,5.0
CCKmeans,7,200,10012675@N05,7,594.3976030845168,3.4413326895219702,6.0,True,4.720666344760986,1.0,0.0,7-6-22-28-7-27-11-7-10-21-7,1,5.0
CCKmeans,7,200,10602166@N06,7,594.3976030845168,3.4413326895219702,6.0,True,4.720666344760986,1.0,0.0,7-6-22-28-7-27-11-7-10-21-7,1,5.0
CCKmeans,7,200,10031363@N00,7,594.3976030845168,3.4413326895219702,6.0,True,4.720666344760986,1.0,0.0,7-6-22-28-7-27-11-7-10-21-7,1,5.0
CCKmeans,7,200,8684258@N02,7,594.3976030845168,3.4413326895219702,6.0,True,4.720666344760986,1.0,0.0,7-6-22-28-7-27-11-7-10-21-7,1,5.0
CCKmeans,7,200,55372451@N00,7,594.3976030845168,3.4413326895219702,6.0,True,4.720666344760986,1.0,0.0,7-6-22-28-7-27-11-7-10-21-7,1,5.0
CCKmeans,7,200,36061217@N04,7,594.3976030845168,3.4413326895219702,6.4268894796809715,True,4.93411108460147,1.0,0.0,7-6-22-28-7-27-11-7-10-21-7,1,5.0
CCKmeans,7,200,28066281@N03,7,594.3976030845168,3.4413326895219702,6.0,True,4.720666344760986,1.0,0.0,7-6-22-28-7-27-11-7-10-21-7,1,5.0
CCKmeans,7,200,53025862@N00,7,594.3976030845168,3.4413326895219702,6.0,True,4.720666344760986,1.0,0.0,7-6-22-28-7-27-11-7-10-21-7,1,5.0
CCKmeans,7,200,51149594@N07,7,594.3976030845168,3.4413326895219702,6.0399163484269875,True,4.740624518974479,1.0,0.0,7-6-22-28-7-27-11-7-10-21-7,1,5.0
CCKmeans,7,200,41555937@N00,7,594.3976030845168,3.4413326895219702,6.0,True,4.720666344760986,1.0,0.0,7-6-22-28-7-27-11-7-10-21-7,1,5.0
CCKmeans,7,200,51050970@N07,7,594.3976030845168,3.4413326895219702,6.0,True,4.720666344760986,1.0,0.0,7-6-22-28-7-27-11-7-10-21-7,1,5.0
CCKmeans,7,200,24741597@N00,7,594.3976030845168,3.4413326895219702,6.0,True,4.720666344760986,1.0,0.0,7-6-22-28-7-27-11-7-10-21-7,1,5.0
CCKmeans,7,200,24585780@N00,7,594.3976030845168,3.4413326895219702,6.0,True,4.720666344760986,1.0,0.0,7-6-22-28-7-27-11-7-10-21-7,1,5.0
CCKmeans,7,200,40451262@N00,7,594.3976030845168,3.4413326895219702,6.015822784810126,True,4.728577737166049,1.0,0.0,7-6-22-28-7-27-11-7-10-21-7,1,5.0
CCKmeans,7,200,27124254@N00,7,594.3976030845168,3.4413326895219702,6.018229034064871,True,4.7297808617934205,1.0,0.0,7-6-22-28-7-27-11-7-10-21-7,1,5.0
CCKmeans,7,200,64509021@N06,7,594.3976030845168,3.4413326895219702,6.0,True,4.720666344760986,1.0,0.0,7-6-22-28-7-27-11-7-10-21-7,1,5.0
CCKmeans,7,200,23836265@N00,7,594.3976030845168,3.4413326895219702,6.0,True,4.720666344760986,1.0,0.0,7-6-22-28-7-27-11-7-10-21-7,1,5.0
CCKmeans,7,200,69635173@N00,7,594.3976030845168,3.4413326895219702,6.0,True,4.720666344760986,1.0,0.0,7-6-22-28-7-27-11-7-10-21-7,1,5.0
CCKmeans,7,200,67917860@N00,7,594.3976030845168,3.4413326895219702,1.6041666666666676,True,2.522749678094319,1.0,0.0,7-6-22-28-7-27-11-7-10-21-7,1,5.0
CCKmeans,7,200,20605823@N00,7,594.3976030845168,3.4413326895219702,6.363117496555795,True,4.902225093038883,1.0,0.0,7-6-22-28-7-27-11-7-10-21-7,1,5.0
CCKmeans,7,200,33906853@N00,7,594.3976030845168,3.4413326895219702,6.112492419648271,True,4.77691255458512,1.0,0.0,7-6-22-28-7-27-11-7-10-21-7,1,5.0
CCKmeans,7,200,32665807@N06,7,594.3976030845168,3.4413326895219702,6.009230618156822,True,4.725281653839396,1.0,0.0,7-6-22-28-7-27-11-7-10-21-7,1,5.0
CCKmeans,7,200,56619626@N05,7,594.3976030845168,3.4413326895219702,6.0,True,4.720666344760986,1.0,0.0,7-6-22-28-7-27-11-7-10-21-7,1,5.0
CCKmeans,7,200,31499593@N03,7,594.3976030845168,3.4413326895219702,6.001915131951388,True,4.721623910736679,1.0,0.00012044855040169621,7-6-22-28-7-27-11-7-10-21-7,1,5.0
CCKmeans,7,200,65846543@N00,7,594.3976030845168,3.4413326895219702,6.0,True,4.720666344760986,1.0,0.0,7-6-22-28-7-27-11-7-10-21-7,1,5.0
CCKmeans,7,200,68379435@N00,7,594.3976030845168,3.4413326895219702,6.0,True,4.720666344760986,1.0,0.0,7-6-22-28-7-27-11-7-10-21-7,1,5.0
CCKmeans,7,200,16073996@N00,7,594.3976030845168,3.4413326895219702,6.0,True,4.720666344760986,1.0,0.0,7-6-22-28-7-27-11-7-10-21-7,1,5.0
CCKmeans,7,200,42183741@N05,7,594.3976030845168,3.4413326895219702,6.0,True,4.720666344760986,1.0,0.0,7-6-22-28-7-27-11-7-10-21-7,1,5.0
CCKmeans,7,200,86993416@N00,7,594.3976030845168,3.4413326895219702,6.192889985421106,True,4.8171113374715375,1.0,0.0,7-6-22-28-7-27-11-7-10-21-7,1,5.0
CCKmeans,7,200,15743963@N08,7,594.3976030845168,3.4413326895219702,6.0,True,4.720666344760986,1.0,0.0,7-6-22-28-7-27-11-7-10-21-7,1,5.0
CCKmeans,7,200,93851844@N00,7,594.3976030845168,3.4413326895219702,6.0,True,4.720666344760986,1.0,0.0,7-6-22-28-7-27-11-7-10-21-7,1,5.0
CCKmeans,7,200,32132568@N06,7,594.3976030845168,3.4413326895219702,1.0,True,2.220666344760985,1.0,0.0,7-6-22-28-7-27-11-7-10-21-7,1,5.0
CCKmeans,7,200,26344918@N04,7,594.3976030845168,3.4413326895219702,6.0,True,4.720666344760986,1.0,0.0,7-6-22-28-7-27-11-7-10-21-7,1,5.0
CCKmeans,7,200,55289779@N00,7,594.3976030845168,3.4413326895219702,6.994608046453755,True,5.217970367987863,1.0,0.028204064703442583,7-6-22-28-7-27-11-7-10-21-7,1,5.0
